engine,asset_class,score_group,symbol,regime,timeframe_style,parameter_set,trade_count,pass_count,fail_count,win_rate,expectancy,max_drawdown,sqn,average_rr_achieved,level_mode,fallback_tp_applied,sample_size_warning,robust_rank_score,sample_period,split_label,parameter_variants_tested,threshold_candidate,threshold_filter_applied,raw_source_count,admitted_count,excluded_by_threshold_count,threshold_filter_reason,parameters
ENGINE_B,,,NZD/USD,TRENDING,scalp,engine_b_f1b9d9cacf,2,2,0,1.0,1.5,,,1.5,,,True,0.225,unspecified,unspecified,2,4.0,True,190,88,102,score_gte_candidate_threshold,"{""fallback_tp_enabled"": true, ""min_room_atr"": 0.25, ""regime_multiplier"": 1.0, ""style"": ""intraday"", ""style_min_rr"": 1.5, ""style_min_score"": 4.0}"
ENGINE_B,,,NZD/USD,TRENDING,scalp,engine_b_fd521a89d4,2,2,0,1.0,1.5,,,1.5,,,True,0.225,unspecified,unspecified,2,4.0,True,190,88,102,score_gte_candidate_threshold,"{""fallback_tp_enabled"": false, ""min_room_atr"": 0.25, ""regime_multiplier"": 1.0, ""style"": ""intraday"", ""style_min_rr"": 1.5, ""style_min_score"": 4.0}"
ENGINE_B,,,BCH/USDT,RANGING,intraday,engine_b_f1b9d9cacf,1,1,0,1.0,2.41,,,2.41,,,True,0.18075,unspecified,unspecified,2,4.0,True,190,88,102,score_gte_candidate_threshold,"{""fallback_tp_enabled"": true, ""min_room_atr"": 0.25, ""regime_multiplier"": 1.0, ""style"": ""intraday"", ""style_min_rr"": 1.5, ""style_min_score"": 4.0}"
ENGINE_B,,,BCH/USDT,RANGING,intraday,engine_b_fd521a89d4,1,1,0,1.0,2.41,,,2.41,,,True,0.18075,unspecified,unspecified,2,4.0,True,190,88,102,score_gte_candidate_threshold,"{""fallback_tp_enabled"": false, ""min_room_atr"": 0.25, ""regime_multiplier"": 1.0, ""style"": ""intraday"", ""style_min_rr"": 1.5, ""style_min_score"": 4.0}"
ENGINE_B,,,ETC/USDT,TRENDING,intraday,engine_b_f1b9d9cacf,1,1,0,1.0,0.89,,,0.89,,,True,0.06675,unspecified,unspecified,2,4.0,True,190,88,102,score_gte_candidate_threshold,"{""fallback_tp_enabled"": true, ""min_room_atr"": 0.25, ""regime_multiplier"": 1.0, ""style"": ""intraday"", ""style_min_rr"": 1.5, ""style_min_score"": 4.0}"
ENGINE_B,,,ETC/USDT,TRENDING,intraday,engine_b_fd521a89d4,1,1,0,1.0,0.89,,,0.89,,,True,0.06675,unspecified,unspecified,2,4.0,True,190,88,102,score_gte_candidate_threshold,"{""fallback_tp_enabled"": false, ""min_room_atr"": 0.25, ""regime_multiplier"": 1.0, ""style"": ""intraday"", ""style_min_rr"": 1.5, ""style_min_score"": 4.0}"
ENGINE_B,,,POL/USDT,RANGING,intraday,engine_b_f1b9d9cacf,1,1,0,1.0,0.86,,,0.86,,,True,0.0645,unspecified,unspecified,2,4.0,True,190,88,102,score_gte_candidate_threshold,"{""fallback_tp_enabled"": true, ""min_room_atr"": 0.25, ""regime_multiplier"": 1.0, ""style"": ""intraday"", ""style_min_rr"": 1.5, ""style_min_score"": 4.0}"
ENGINE_B,,,POL/USDT,RANGING,intraday,engine_b_fd521a89d4,1,1,0,1.0,0.86,,,0.86,,,True,0.0645,unspecified,unspecified,2,4.0,True,190,88,102,score_gte_candidate_threshold,"{""fallback_tp_enabled"": false, ""min_room_atr"": 0.25, ""regime_multiplier"": 1.0, ""style"": ""intraday"", ""style_min_rr"": 1.5, ""style_min_score"": 4.0}"
ENGINE_B,,,USD/ZAR,RANGING,intraday,engine_b_f1b9d9cacf,1,1,0,1.0,0.76,,,0.76,,,True,0.057,unspecified,unspecified,2,4.0,True,190,88,102,score_gte_candidate_threshold,"{""fallback_tp_enabled"": true, ""min_room_atr"": 0.25, ""regime_multiplier"": 1.0, ""style"": ""intraday"", ""style_min_rr"": 1.5, ""style_min_score"": 4.0}"
ENGINE_B,,,USD/ZAR,RANGING,intraday,engine_b_fd521a89d4,1,1,0,1.0,0.76,,,0.76,,,True,0.057,unspecified,unspecified,2,4.0,True,190,88,102,score_gte_candidate_threshold,"{""fallback_tp_enabled"": false, ""min_room_atr"": 0.25, ""regime_multiplier"": 1.0, ""style"": ""intraday"", ""style_min_rr"": 1.5, ""style_min_score"": 4.0}"
ENGINE_B,,,USD/SGD,RANGING,intraday,engine_b_f1b9d9cacf,1,1,0,1.0,0.61,,,0.61,,,True,0.04575,unspecified,unspecified,2,4.0,True,190,88,102,score_gte_candidate_threshold,"{""fallback_tp_enabled"": true, ""min_room_atr"": 0.25, ""regime_multiplier"": 1.0, ""style"": ""intraday"", ""style_min_rr"": 1.5, ""style_min_score"": 4.0}"
ENGINE_B,,,USD/SGD,RANGING,intraday,engine_b_fd521a89d4,1,1,0,1.0,0.61,,,0.61,,,True,0.04575,unspecified,unspecified,2,4.0,True,190,88,102,score_gte_candidate_threshold,"{""fallback_tp_enabled"": false, ""min_room_atr"": 0.25, ""regime_multiplier"": 1.0, ""style"": ""intraday"", ""style_min_rr"": 1.5, ""style_min_score"": 4.0}"
ENGINE_B,,,APT/USDT,LH_LL,scalp,engine_b_f1b9d9cacf,1,1,0,1.0,0.51,,,0.51,,,True,0.03825,unspecified,unspecified,2,4.0,True,190,88,102,score_gte_candidate_threshold,"{""fallback_tp_enabled"": true, ""min_room_atr"": 0.25, ""regime_multiplier"": 1.0, ""style"": ""intraday"", ""style_min_rr"": 1.5, ""style_min_score"": 4.0}"
ENGINE_B,,,APT/USDT,LH_LL,scalp,engine_b_fd521a89d4,1,1,0,1.0,0.51,,,0.51,,,True,0.03825,unspecified,unspecified,2,4.0,True,190,88,102,score_gte_candidate_threshold,"{""fallback_tp_enabled"": false, ""min_room_atr"": 0.25, ""regime_multiplier"": 1.0, ""style"": ""intraday"", ""style_min_rr"": 1.5, ""style_min_score"": 4.0}"
ENGINE_B,,,GBP/USD,RANGING,intraday,engine_b_f1b9d9cacf,3,3,0,1.0,0.143333,,,0.143333,,,True,0.03225,unspecified,unspecified,2,4.0,True,190,88,102,score_gte_candidate_threshold,"{""fallback_tp_enabled"": true, ""min_room_atr"": 0.25, ""regime_multiplier"": 1.0, ""style"": ""intraday"", ""style_min_rr"": 1.5, ""style_min_score"": 4.0}"
ENGINE_B,,,GBP/USD,RANGING,intraday,engine_b_fd521a89d4,3,3,0,1.0,0.143333,,,0.143333,,,True,0.03225,unspecified,unspecified,2,4.0,True,190,88,102,score_gte_candidate_threshold,"{""fallback_tp_enabled"": false, ""min_room_atr"": 0.25, ""regime_multiplier"": 1.0, ""style"": ""intraday"", ""style_min_rr"": 1.5, ""style_min_score"": 4.0}"
ENGINE_B,,,INJ/USDT,RANGING,scalp,engine_b_f1b9d9cacf,1,1,0,1.0,0.29,,,0.29,,,True,0.02175,unspecified,unspecified,2,4.0,True,190,88,102,score_gte_candidate_threshold,"{""fallback_tp_enabled"": true, ""min_room_atr"": 0.25, ""regime_multiplier"": 1.0, ""style"": ""intraday"", ""style_min_rr"": 1.5, ""style_min_score"": 4.0}"
ENGINE_B,,,INJ/USDT,RANGING,scalp,engine_b_fd521a89d4,1,1,0,1.0,0.29,,,0.29,,,True,0.02175,unspecified,unspecified,2,4.0,True,190,88,102,score_gte_candidate_threshold,"{""fallback_tp_enabled"": false, ""min_room_atr"": 0.25, ""regime_multiplier"": 1.0, ""style"": ""intraday"", ""style_min_rr"": 1.5, ""style_min_score"": 4.0}"
ENGINE_B,,,NVDA,RANGING,intraday,engine_b_f1b9d9cacf,2,2,0,1.0,0.13,,,0.13,,,True,0.0195,unspecified,unspecified,2,4.0,True,190,88,102,score_gte_candidate_threshold,"{""fallback_tp_enabled"": true, ""min_room_atr"": 0.25, ""regime_multiplier"": 1.0, ""style"": ""intraday"", ""style_min_rr"": 1.5, ""style_min_score"": 4.0}"
ENGINE_B,,,NVDA,RANGING,intraday,engine_b_fd521a89d4,2,2,0,1.0,0.13,,,0.13,,,True,0.0195,unspecified,unspecified,2,4.0,True,190,88,102,score_gte_candidate_threshold,"{""fallback_tp_enabled"": false, ""min_room_atr"": 0.25, ""regime_multiplier"": 1.0, ""style"": ""intraday"", ""style_min_rr"": 1.5, ""style_min_score"": 4.0}"
ENGINE_B,,,NZD/USD,RANGING,scalp,engine_b_f1b9d9cacf,2,2,0,1.0,0.125,,,0.125,,,True,0.01875,unspecified,unspecified,2,4.0,True,190,88,102,score_gte_candidate_threshold,"{""fallback_tp_enabled"": true, ""min_room_atr"": 0.25, ""regime_multiplier"": 1.0, ""style"": ""intraday"", ""style_min_rr"": 1.5, ""style_min_score"": 4.0}"
ENGINE_B,,,NZD/USD,RANGING,scalp,engine_b_fd521a89d4,2,2,0,1.0,0.125,,,0.125,,,True,0.01875,unspecified,unspecified,2,4.0,True,190,88,102,score_gte_candidate_threshold,"{""fallback_tp_enabled"": false, ""min_room_atr"": 0.25, ""regime_multiplier"": 1.0, ""style"": ""intraday"", ""style_min_rr"": 1.5, ""style_min_score"": 4.0}"
ENGINE_B,,,AUD/JPY,RANGING,scalp,engine_b_f1b9d9cacf,2,2,0,1.0,0.11,,,0.11,,,True,0.0165,unspecified,unspecified,2,4.0,True,190,88,102,score_gte_candidate_threshold,"{""fallback_tp_enabled"": true, ""min_room_atr"": 0.25, ""regime_multiplier"": 1.0, ""style"": ""intraday"", ""style_min_rr"": 1.5, ""style_min_score"": 4.0}"
ENGINE_B,,,AUD/JPY,RANGING,scalp,engine_b_fd521a89d4,2,2,0,1.0,0.11,,,0.11,,,True,0.0165,unspecified,unspecified,2,4.0,True,190,88,102,score_gte_candidate_threshold,"{""fallback_tp_enabled"": false, ""min_room_atr"": 0.25, ""regime_multiplier"": 1.0, ""style"": ""intraday"", ""style_min_rr"": 1.5, ""style_min_score"": 4.0}"
ENGINE_B,,,NZD/USD,TRENDING,intraday,engine_b_f1b9d9cacf,2,1,1,0.5,0.07,,,0.07,,,True,0.0105,unspecified,unspecified,2,4.0,True,190,88,102,score_gte_candidate_threshold,"{""fallback_tp_enabled"": true, ""min_room_atr"": 0.25, ""regime_multiplier"": 1.0, ""style"": ""intraday"", ""style_min_rr"": 1.5, ""style_min_score"": 4.0}"
ENGINE_B,,,GBP/JPY,RANGING,scalp,engine_b_f1b9d9cacf,2,2,0,1.0,0.07,,,0.07,,,True,0.0105,unspecified,unspecified,2,4.0,True,190,88,102,score_gte_candidate_threshold,"{""fallback_tp_enabled"": true, ""min_room_atr"": 0.25, ""regime_multiplier"": 1.0, ""style"": ""intraday"", ""style_min_rr"": 1.5, ""style_min_score"": 4.0}"
ENGINE_B,,,NZD/USD,TRENDING,intraday,engine_b_fd521a89d4,2,1,1,0.5,0.07,,,0.07,,,True,0.0105,unspecified,unspecified,2,4.0,True,190,88,102,score_gte_candidate_threshold,"{""fallback_tp_enabled"": false, ""min_room_atr"": 0.25, ""regime_multiplier"": 1.0, ""style"": ""intraday"", ""style_min_rr"": 1.5, ""style_min_score"": 4.0}"
ENGINE_B,,,GBP/JPY,RANGING,scalp,engine_b_fd521a89d4,2,2,0,1.0,0.07,,,0.07,,,True,0.0105,unspecified,unspecified,2,4.0,True,190,88,102,score_gte_candidate_threshold,"{""fallback_tp_enabled"": false, ""min_room_atr"": 0.25, ""regime_multiplier"": 1.0, ""style"": ""intraday"", ""style_min_rr"": 1.5, ""style_min_score"": 4.0}"
ENGINE_B,,,EUR/AUD,RANGING,intraday,engine_b_f1b9d9cacf,2,2,0,1.0,0.05,,,0.05,,,True,0.0075,unspecified,unspecified,2,4.0,True,190,88,102,score_gte_candidate_threshold,"{""fallback_tp_enabled"": true, ""min_room_atr"": 0.25, ""regime_multiplier"": 1.0, ""style"": ""intraday"", ""style_min_rr"": 1.5, ""style_min_score"": 4.0}"
ENGINE_B,,,EUR/CHF,TRENDING,intraday,engine_b_f1b9d9cacf,6,6,0,1.0,0.016667,,,0.016667,,,True,0.0075,unspecified,unspecified,2,4.0,True,190,88,102,score_gte_candidate_threshold,"{""fallback_tp_enabled"": true, ""min_room_atr"": 0.25, ""regime_multiplier"": 1.0, ""style"": ""intraday"", ""style_min_rr"": 1.5, ""style_min_score"": 4.0}"
ENGINE_B,,,EUR/AUD,RANGING,intraday,engine_b_fd521a89d4,2,2,0,1.0,0.05,,,0.05,,,True,0.0075,unspecified,unspecified,2,4.0,True,190,88,102,score_gte_candidate_threshold,"{""fallback_tp_enabled"": false, ""min_room_atr"": 0.25, ""regime_multiplier"": 1.0, ""style"": ""intraday"", ""style_min_rr"": 1.5, ""style_min_score"": 4.0}"
ENGINE_B,,,EUR/CHF,TRENDING,intraday,engine_b_fd521a89d4,6,6,0,1.0,0.016667,,,0.016667,,,True,0.0075,unspecified,unspecified,2,4.0,True,190,88,102,score_gte_candidate_threshold,"{""fallback_tp_enabled"": false, ""min_room_atr"": 0.25, ""regime_multiplier"": 1.0, ""style"": ""intraday"", ""style_min_rr"": 1.5, ""style_min_score"": 4.0}"
ENGINE_B,,,GBP/JPY,HH_HL,intraday,engine_b_f1b9d9cacf,2,2,0,1.0,0.045,,,0.045,,,True,0.00675,unspecified,unspecified,2,4.0,True,190,88,102,score_gte_candidate_threshold,"{""fallback_tp_enabled"": true, ""min_room_atr"": 0.25, ""regime_multiplier"": 1.0, ""style"": ""intraday"", ""style_min_rr"": 1.5, ""style_min_score"": 4.0}"
ENGINE_B,,,GBP/JPY,HH_HL,intraday,engine_b_fd521a89d4,2,2,0,1.0,0.045,,,0.045,,,True,0.00675,unspecified,unspecified,2,4.0,True,190,88,102,score_gte_candidate_threshold,"{""fallback_tp_enabled"": false, ""min_room_atr"": 0.25, ""regime_multiplier"": 1.0, ""style"": ""intraday"", ""style_min_rr"": 1.5, ""style_min_score"": 4.0}"
ENGINE_B,,,DOT/USDT,RANGING,intraday,engine_b_f1b9d9cacf,1,1,0,1.0,0.07,,,0.07,,,True,0.00525,unspecified,unspecified,2,4.0,True,190,88,102,score_gte_candidate_threshold,"{""fallback_tp_enabled"": true, ""min_room_atr"": 0.25, ""regime_multiplier"": 1.0, ""style"": ""intraday"", ""style_min_rr"": 1.5, ""style_min_score"": 4.0}"
ENGINE_B,,,DOT/USDT,RANGING,intraday,engine_b_fd521a89d4,1,1,0,1.0,0.07,,,0.07,,,True,0.00525,unspecified,unspecified,2,4.0,True,190,88,102,score_gte_candidate_threshold,"{""fallback_tp_enabled"": false, ""min_room_atr"": 0.25, ""regime_multiplier"": 1.0, ""style"": ""intraday"", ""style_min_rr"": 1.5, ""style_min_score"": 4.0}"
ENGINE_B,,,AUD/CHF,RANGING,scalp,engine_b_f1b9d9cacf,2,2,0,1.0,0.03,,,0.03,,,True,0.0045,unspecified,unspecified,2,4.0,True,190,88,102,score_gte_candidate_threshold,"{""fallback_tp_enabled"": true, ""min_room_atr"": 0.25, ""regime_multiplier"": 1.0, ""style"": ""intraday"", ""style_min_rr"": 1.5, ""style_min_score"": 4.0}"
ENGINE_B,,,AUD/CHF,RANGING,scalp,engine_b_fd521a89d4,2,2,0,1.0,0.03,,,0.03,,,True,0.0045,unspecified,unspecified,2,4.0,True,190,88,102,score_gte_candidate_threshold,"{""fallback_tp_enabled"": false, ""min_room_atr"": 0.25, ""regime_multiplier"": 1.0, ""style"": ""intraday"", ""style_min_rr"": 1.5, ""style_min_score"": 4.0}"
ENGINE_B,,,GBP/USD,TRENDING,intraday,engine_b_f1b9d9cacf,1,1,0,1.0,0.05,,,0.05,,,True,0.00375,unspecified,unspecified,2,4.0,True,190,88,102,score_gte_candidate_threshold,"{""fallback_tp_enabled"": true, ""min_room_atr"": 0.25, ""regime_multiplier"": 1.0, ""style"": ""intraday"", ""style_min_rr"": 1.5, ""style_min_score"": 4.0}"
ENGINE_B,,,GBP/USD,TRENDING,intraday,engine_b_fd521a89d4,1,1,0,1.0,0.05,,,0.05,,,True,0.00375,unspecified,unspecified,2,4.0,True,190,88,102,score_gte_candidate_threshold,"{""fallback_tp_enabled"": false, ""min_room_atr"": 0.25, ""regime_multiplier"": 1.0, ""style"": ""intraday"", ""style_min_rr"": 1.5, ""style_min_score"": 4.0}"
ENGINE_B,,,AAPL,RANGING,intraday,engine_b_f1b9d9cacf,2,2,0,1.0,0.02,,,0.02,,,True,0.003,unspecified,unspecified,2,4.0,True,190,88,102,score_gte_candidate_threshold,"{""fallback_tp_enabled"": true, ""min_room_atr"": 0.25, ""regime_multiplier"": 1.0, ""style"": ""intraday"", ""style_min_rr"": 1.5, ""style_min_score"": 4.0}"
ENGINE_B,,,XLE,TRENDING,intraday,engine_b_f1b9d9cacf,2,2,0,1.0,0.02,,,0.02,,,True,0.003,unspecified,unspecified,2,4.0,True,190,88,102,score_gte_candidate_threshold,"{""fallback_tp_enabled"": true, ""min_room_atr"": 0.25, ""regime_multiplier"": 1.0, ""style"": ""intraday"", ""style_min_rr"": 1.5, ""style_min_score"": 4.0}"
ENGINE_B,,,AAPL,RANGING,intraday,engine_b_fd521a89d4,2,2,0,1.0,0.02,,,0.02,,,True,0.003,unspecified,unspecified,2,4.0,True,190,88,102,score_gte_candidate_threshold,"{""fallback_tp_enabled"": false, ""min_room_atr"": 0.25, ""regime_multiplier"": 1.0, ""style"": ""intraday"", ""style_min_rr"": 1.5, ""style_min_score"": 4.0}"
ENGINE_B,,,XLE,TRENDING,intraday,engine_b_fd521a89d4,2,2,0,1.0,0.02,,,0.02,,,True,0.003,unspecified,unspecified,2,4.0,True,190,88,102,score_gte_candidate_threshold,"{""fallback_tp_enabled"": false, ""min_room_atr"": 0.25, ""regime_multiplier"": 1.0, ""style"": ""intraday"", ""style_min_rr"": 1.5, ""style_min_score"": 4.0}"
ENGINE_B,,,OP/USDT,LOW_VOLATILITY,scalp,engine_b_f1b9d9cacf,1,1,0,1.0,0.03,,,0.03,,,True,0.00225,unspecified,unspecified,2,4.0,True,190,88,102,score_gte_candidate_threshold,"{""fallback_tp_enabled"": true, ""min_room_atr"": 0.25, ""regime_multiplier"": 1.0, ""style"": ""intraday"", ""style_min_rr"": 1.5, ""style_min_score"": 4.0}"
ENGINE_B,,,ALGO/USDT,EXPANSION,intraday,engine_b_f1b9d9cacf,1,1,0,1.0,0.03,,,0.03,,,True,0.00225,unspecified,unspecified,2,4.0,True,190,88,102,score_gte_candidate_threshold,"{""fallback_tp_enabled"": true, ""min_room_atr"": 0.25, ""regime_multiplier"": 1.0, ""style"": ""intraday"", ""style_min_rr"": 1.5, ""style_min_score"": 4.0}"
ENGINE_B,,,OP/USDT,LOW_VOLATILITY,scalp,engine_b_fd521a89d4,1,1,0,1.0,0.03,,,0.03,,,True,0.00225,unspecified,unspecified,2,4.0,True,190,88,102,score_gte_candidate_threshold,"{""fallback_tp_enabled"": false, ""min_room_atr"": 0.25, ""regime_multiplier"": 1.0, ""style"": ""intraday"", ""style_min_rr"": 1.5, ""style_min_score"": 4.0}"
ENGINE_B,,,ALGO/USDT,EXPANSION,intraday,engine_b_fd521a89d4,1,1,0,1.0,0.03,,,0.03,,,True,0.00225,unspecified,unspecified,2,4.0,True,190,88,102,score_gte_candidate_threshold,"{""fallback_tp_enabled"": false, ""min_room_atr"": 0.25, ""regime_multiplier"": 1.0, ""style"": ""intraday"", ""style_min_rr"": 1.5, ""style_min_score"": 4.0}"
ENGINE_B,,,USD/CHF,TRENDING,intraday,engine_b_f1b9d9cacf,1,1,0,1.0,0.02,,,0.02,,,True,0.0015,unspecified,unspecified,2,4.0,True,190,88,102,score_gte_candidate_threshold,"{""fallback_tp_enabled"": true, ""min_room_atr"": 0.25, ""regime_multiplier"": 1.0, ""style"": ""intraday"", ""style_min_rr"": 1.5, ""style_min_score"": 4.0}"
ENGINE_B,,,XAU/USD,TRENDING,intraday,engine_b_f1b9d9cacf,1,1,0,1.0,0.02,,,0.02,,,True,0.0015,unspecified,unspecified,2,4.0,True,190,88,102,score_gte_candidate_threshold,"{""fallback_tp_enabled"": true, ""min_room_atr"": 0.25, ""regime_multiplier"": 1.0, ""style"": ""intraday"", ""style_min_rr"": 1.5, ""style_min_score"": 4.0}"
ENGINE_B,,,USD/CHF,TRENDING,intraday,engine_b_fd521a89d4,1,1,0,1.0,0.02,,,0.02,,,True,0.0015,unspecified,unspecified,2,4.0,True,190,88,102,score_gte_candidate_threshold,"{""fallback_tp_enabled"": false, ""min_room_atr"": 0.25, ""regime_multiplier"": 1.0, ""style"": ""intraday"", ""style_min_rr"": 1.5, ""style_min_score"": 4.0}"
ENGINE_B,,,XAU/USD,TRENDING,intraday,engine_b_fd521a89d4,1,1,0,1.0,0.02,,,0.02,,,True,0.0015,unspecified,unspecified,2,4.0,True,190,88,102,score_gte_candidate_threshold,"{""fallback_tp_enabled"": false, ""min_room_atr"": 0.25, ""regime_multiplier"": 1.0, ""style"": ""intraday"", ""style_min_rr"": 1.5, ""style_min_score"": 4.0}"
ENGINE_B,,,GBP/JPY,TRENDING,intraday,engine_b_f1b9d9cacf,1,0,1,0.0,0.0,,,0.0,,,True,0.0,unspecified,unspecified,2,4.0,True,190,88,102,score_gte_candidate_threshold,"{""fallback_tp_enabled"": true, ""min_room_atr"": 0.25, ""regime_multiplier"": 1.0, ""style"": ""intraday"", ""style_min_rr"": 1.5, ""style_min_score"": 4.0}"
ENGINE_B,,,INTC,TRENDING,scalp,engine_b_f1b9d9cacf,1,0,1,0.0,0.0,,,0.0,,,True,0.0,unspecified,unspecified,2,4.0,True,190,88,102,score_gte_candidate_threshold,"{""fallback_tp_enabled"": true, ""min_room_atr"": 0.25, ""regime_multiplier"": 1.0, ""style"": ""intraday"", ""style_min_rr"": 1.5, ""style_min_score"": 4.0}"
ENGINE_B,,,EUR/JPY,LOW_VOLATILITY,intraday,engine_b_f1b9d9cacf,1,1,0,1.0,,,,,,,True,0.0,unspecified,unspecified,2,4.0,True,190,88,102,score_gte_candidate_threshold,"{""fallback_tp_enabled"": true, ""min_room_atr"": 0.25, ""regime_multiplier"": 1.0, ""style"": ""intraday"", ""style_min_rr"": 1.5, ""style_min_score"": 4.0}"
ENGINE_B,,,NASDAQ-100,TRENDING,intraday,engine_b_f1b9d9cacf,1,0,1,0.0,0.0,,,0.0,,,True,0.0,unspecified,unspecified,2,4.0,True,190,88,102,score_gte_candidate_threshold,"{""fallback_tp_enabled"": true, ""min_room_atr"": 0.25, ""regime_multiplier"": 1.0, ""style"": ""intraday"", ""style_min_rr"": 1.5, ""style_min_score"": 4.0}"
ENGINE_B,,,USD/CHF,LOW_VOLATILITY,scalp,engine_b_f1b9d9cacf,1,0,1,0.0,0.0,,,0.0,,,True,0.0,unspecified,unspecified,2,4.0,True,190,88,102,score_gte_candidate_threshold,"{""fallback_tp_enabled"": true, ""min_room_atr"": 0.25, ""regime_multiplier"": 1.0, ""style"": ""intraday"", ""style_min_rr"": 1.5, ""style_min_score"": 4.0}"
ENGINE_B,,,USD/MXN,RANGING,scalp,engine_b_f1b9d9cacf,2,0,2,0.0,0.0,,,0.0,,,True,0.0,unspecified,unspecified,2,4.0,True,190,88,102,score_gte_candidate_threshold,"{""fallback_tp_enabled"": true, ""min_room_atr"": 0.25, ""regime_multiplier"": 1.0, ""style"": ""intraday"", ""style_min_rr"": 1.5, ""style_min_score"": 4.0}"
ENGINE_B,,,AMZN,TRENDING,intraday,engine_b_f1b9d9cacf,2,2,0,1.0,0.0,,,0.0,,,True,0.0,unspecified,unspecified,2,4.0,True,190,88,102,score_gte_candidate_threshold,"{""fallback_tp_enabled"": true, ""min_room_atr"": 0.25, ""regime_multiplier"": 1.0, ""style"": ""intraday"", ""style_min_rr"": 1.5, ""style_min_score"": 4.0}"
ENGINE_B,,,USD/CHF,LH_LL,intraday,engine_b_f1b9d9cacf,1,1,0,1.0,0.0,,,0.0,,,True,0.0,unspecified,unspecified,2,4.0,True,190,88,102,score_gte_candidate_threshold,"{""fallback_tp_enabled"": true, ""min_room_atr"": 0.25, ""regime_multiplier"": 1.0, ""style"": ""intraday"", ""style_min_rr"": 1.5, ""style_min_score"": 4.0}"
ENGINE_B,,,AUD/USD,RANGING,intraday,engine_b_f1b9d9cacf,2,2,0,1.0,0.0,,,0.0,,,True,0.0,unspecified,unspecified,2,4.0,True,190,88,102,score_gte_candidate_threshold,"{""fallback_tp_enabled"": true, ""min_room_atr"": 0.25, ""regime_multiplier"": 1.0, ""style"": ""intraday"", ""style_min_rr"": 1.5, ""style_min_score"": 4.0}"
ENGINE_B,,,GBP/JPY,TRENDING,intraday,engine_b_fd521a89d4,1,0,1,0.0,0.0,,,0.0,,,True,0.0,unspecified,unspecified,2,4.0,True,190,88,102,score_gte_candidate_threshold,"{""fallback_tp_enabled"": false, ""min_room_atr"": 0.25, ""regime_multiplier"": 1.0, ""style"": ""intraday"", ""style_min_rr"": 1.5, ""style_min_score"": 4.0}"
ENGINE_B,,,INTC,TRENDING,scalp,engine_b_fd521a89d4,1,0,1,0.0,0.0,,,0.0,,,True,0.0,unspecified,unspecified,2,4.0,True,190,88,102,score_gte_candidate_threshold,"{""fallback_tp_enabled"": false, ""min_room_atr"": 0.25, ""regime_multiplier"": 1.0, ""style"": ""intraday"", ""style_min_rr"": 1.5, ""style_min_score"": 4.0}"
ENGINE_B,,,EUR/JPY,LOW_VOLATILITY,intraday,engine_b_fd521a89d4,1,1,0,1.0,,,,,,,True,0.0,unspecified,unspecified,2,4.0,True,190,88,102,score_gte_candidate_threshold,"{""fallback_tp_enabled"": false, ""min_room_atr"": 0.25, ""regime_multiplier"": 1.0, ""style"": ""intraday"", ""style_min_rr"": 1.5, ""style_min_score"": 4.0}"
ENGINE_B,,,NASDAQ-100,TRENDING,intraday,engine_b_fd521a89d4,1,0,1,0.0,0.0,,,0.0,,,True,0.0,unspecified,unspecified,2,4.0,True,190,88,102,score_gte_candidate_threshold,"{""fallback_tp_enabled"": false, ""min_room_atr"": 0.25, ""regime_multiplier"": 1.0, ""style"": ""intraday"", ""style_min_rr"": 1.5, ""style_min_score"": 4.0}"
ENGINE_B,,,USD/CHF,LOW_VOLATILITY,scalp,engine_b_fd521a89d4,1,0,1,0.0,0.0,,,0.0,,,True,0.0,unspecified,unspecified,2,4.0,True,190,88,102,score_gte_candidate_threshold,"{""fallback_tp_enabled"": false, ""min_room_atr"": 0.25, ""regime_multiplier"": 1.0, ""style"": ""intraday"", ""style_min_rr"": 1.5, ""style_min_score"": 4.0}"
ENGINE_B,,,USD/MXN,RANGING,scalp,engine_b_fd521a89d4,2,0,2,0.0,0.0,,,0.0,,,True,0.0,unspecified,unspecified,2,4.0,True,190,88,102,score_gte_candidate_threshold,"{""fallback_tp_enabled"": false, ""min_room_atr"": 0.25, ""regime_multiplier"": 1.0, ""style"": ""intraday"", ""style_min_rr"": 1.5, ""style_min_score"": 4.0}"
ENGINE_B,,,AMZN,TRENDING,intraday,engine_b_fd521a89d4,2,2,0,1.0,0.0,,,0.0,,,True,0.0,unspecified,unspecified,2,4.0,True,190,88,102,score_gte_candidate_threshold,"{""fallback_tp_enabled"": false, ""min_room_atr"": 0.25, ""regime_multiplier"": 1.0, ""style"": ""intraday"", ""style_min_rr"": 1.5, ""style_min_score"": 4.0}"
ENGINE_B,,,USD/CHF,LH_LL,intraday,engine_b_fd521a89d4,1,1,0,1.0,0.0,,,0.0,,,True,0.0,unspecified,unspecified,2,4.0,True,190,88,102,score_gte_candidate_threshold,"{""fallback_tp_enabled"": false, ""min_room_atr"": 0.25, ""regime_multiplier"": 1.0, ""style"": ""intraday"", ""style_min_rr"": 1.5, ""style_min_score"": 4.0}"
ENGINE_B,,,AUD/USD,RANGING,intraday,engine_b_fd521a89d4,2,2,0,1.0,0.0,,,0.0,,,True,0.0,unspecified,unspecified,2,4.0,True,190,88,102,score_gte_candidate_threshold,"{""fallback_tp_enabled"": false, ""min_room_atr"": 0.25, ""regime_multiplier"": 1.0, ""style"": ""intraday"", ""style_min_rr"": 1.5, ""style_min_score"": 4.0}"
ENGINE_B,,,XAU/USD,RANGING,intraday,engine_b_f1b9d9cacf,1,0,1,0.0,-0.02,,,-0.02,,,True,-0.0015,unspecified,unspecified,2,4.0,True,190,88,102,score_gte_candidate_threshold,"{""fallback_tp_enabled"": true, ""min_room_atr"": 0.25, ""regime_multiplier"": 1.0, ""style"": ""intraday"", ""style_min_rr"": 1.5, ""style_min_score"": 4.0}"
ENGINE_B,,,XAU/USD,RANGING,intraday,engine_b_fd521a89d4,1,0,1,0.0,-0.02,,,-0.02,,,True,-0.0015,unspecified,unspecified,2,4.0,True,190,88,102,score_gte_candidate_threshold,"{""fallback_tp_enabled"": false, ""min_room_atr"": 0.25, ""regime_multiplier"": 1.0, ""style"": ""intraday"", ""style_min_rr"": 1.5, ""style_min_score"": 4.0}"
ENGINE_B,,,NZD/USD,LH_LL,scalp,engine_b_f1b9d9cacf,1,0,1,0.0,-0.03,,,-0.03,,,True,-0.00225,unspecified,unspecified,2,4.0,True,190,88,102,score_gte_candidate_threshold,"{""fallback_tp_enabled"": true, ""min_room_atr"": 0.25, ""regime_multiplier"": 1.0, ""style"": ""intraday"", ""style_min_rr"": 1.5, ""style_min_score"": 4.0}"
ENGINE_B,,,NZD/USD,LH_LL,scalp,engine_b_fd521a89d4,1,0,1,0.0,-0.03,,,-0.03,,,True,-0.00225,unspecified,unspecified,2,4.0,True,190,88,102,score_gte_candidate_threshold,"{""fallback_tp_enabled"": false, ""min_room_atr"": 0.25, ""regime_multiplier"": 1.0, ""style"": ""intraday"", ""style_min_rr"": 1.5, ""style_min_score"": 4.0}"
ENGINE_B,,,XRP/USDT,TRENDING,intraday,engine_b_f1b9d9cacf,1,0,1,0.0,-0.05,,,-0.05,,,True,-0.00375,unspecified,unspecified,2,4.0,True,190,88,102,score_gte_candidate_threshold,"{""fallback_tp_enabled"": true, ""min_room_atr"": 0.25, ""regime_multiplier"": 1.0, ""style"": ""intraday"", ""style_min_rr"": 1.5, ""style_min_score"": 4.0}"
ENGINE_B,,,XRP/USDT,TRENDING,intraday,engine_b_fd521a89d4,1,0,1,0.0,-0.05,,,-0.05,,,True,-0.00375,unspecified,unspecified,2,4.0,True,190,88,102,score_gte_candidate_threshold,"{""fallback_tp_enabled"": false, ""min_room_atr"": 0.25, ""regime_multiplier"": 1.0, ""style"": ""intraday"", ""style_min_rr"": 1.5, ""style_min_score"": 4.0}"
ENGINE_B,,,NZD/USD,LOW_VOLATILITY,scalp,engine_b_f1b9d9cacf,2,1,1,0.5,-0.03,,,-0.03,,,True,-0.0045,unspecified,unspecified,2,4.0,True,190,88,102,score_gte_candidate_threshold,"{""fallback_tp_enabled"": true, ""min_room_atr"": 0.25, ""regime_multiplier"": 1.0, ""style"": ""intraday"", ""style_min_rr"": 1.5, ""style_min_score"": 4.0}"
ENGINE_B,,,BTC/USDT,TRENDING,intraday,engine_b_f1b9d9cacf,1,0,1,0.0,-0.06,,,-0.06,,,True,-0.0045,unspecified,unspecified,2,4.0,True,190,88,102,score_gte_candidate_threshold,"{""fallback_tp_enabled"": true, ""min_room_atr"": 0.25, ""regime_multiplier"": 1.0, ""style"": ""intraday"", ""style_min_rr"": 1.5, ""style_min_score"": 4.0}"
ENGINE_B,,,NZD/USD,LOW_VOLATILITY,scalp,engine_b_fd521a89d4,2,1,1,0.5,-0.03,,,-0.03,,,True,-0.0045,unspecified,unspecified,2,4.0,True,190,88,102,score_gte_candidate_threshold,"{""fallback_tp_enabled"": false, ""min_room_atr"": 0.25, ""regime_multiplier"": 1.0, ""style"": ""intraday"", ""style_min_rr"": 1.5, ""style_min_score"": 4.0}"
ENGINE_B,,,BTC/USDT,TRENDING,intraday,engine_b_fd521a89d4,1,0,1,0.0,-0.06,,,-0.06,,,True,-0.0045,unspecified,unspecified,2,4.0,True,190,88,102,score_gte_candidate_threshold,"{""fallback_tp_enabled"": false, ""min_room_atr"": 0.25, ""regime_multiplier"": 1.0, ""style"": ""intraday"", ""style_min_rr"": 1.5, ""style_min_score"": 4.0}"
ENGINE_B,,,TRX/USDT,TRENDING,intraday,engine_b_f1b9d9cacf,1,0,1,0.0,-0.07,,,-0.07,,,True,-0.00525,unspecified,unspecified,2,4.0,True,190,88,102,score_gte_candidate_threshold,"{""fallback_tp_enabled"": true, ""min_room_atr"": 0.25, ""regime_multiplier"": 1.0, ""style"": ""intraday"", ""style_min_rr"": 1.5, ""style_min_score"": 4.0}"
ENGINE_B,,,TRX/USDT,TRENDING,intraday,engine_b_fd521a89d4,1,0,1,0.0,-0.07,,,-0.07,,,True,-0.00525,unspecified,unspecified,2,4.0,True,190,88,102,score_gte_candidate_threshold,"{""fallback_tp_enabled"": false, ""min_room_atr"": 0.25, ""regime_multiplier"": 1.0, ""style"": ""intraday"", ""style_min_rr"": 1.5, ""style_min_score"": 4.0}"
ENGINE_B,,,EUR/JPY,RANGING,intraday,engine_b_f1b9d9cacf,1,0,1,0.0,-0.18,,,-0.18,,,True,-0.0135,unspecified,unspecified,2,4.0,True,190,88,102,score_gte_candidate_threshold,"{""fallback_tp_enabled"": true, ""min_room_atr"": 0.25, ""regime_multiplier"": 1.0, ""style"": ""intraday"", ""style_min_rr"": 1.5, ""style_min_score"": 4.0}"
ENGINE_B,,,EUR/JPY,RANGING,intraday,engine_b_fd521a89d4,1,0,1,0.0,-0.18,,,-0.18,,,True,-0.0135,unspecified,unspecified,2,4.0,True,190,88,102,score_gte_candidate_threshold,"{""fallback_tp_enabled"": false, ""min_room_atr"": 0.25, ""regime_multiplier"": 1.0, ""style"": ""intraday"", ""style_min_rr"": 1.5, ""style_min_score"": 4.0}"
ENGINE_B,,,DAX 40,RANGING,intraday,engine_b_f1b9d9cacf,1,0,1,0.0,-0.22,,,-0.22,,,True,-0.0165,unspecified,unspecified,2,4.0,True,190,88,102,score_gte_candidate_threshold,"{""fallback_tp_enabled"": true, ""min_room_atr"": 0.25, ""regime_multiplier"": 1.0, ""style"": ""intraday"", ""style_min_rr"": 1.5, ""style_min_score"": 4.0}"
ENGINE_B,,,DAX 40,RANGING,intraday,engine_b_fd521a89d4,1,0,1,0.0,-0.22,,,-0.22,,,True,-0.0165,unspecified,unspecified,2,4.0,True,190,88,102,score_gte_candidate_threshold,"{""fallback_tp_enabled"": false, ""min_room_atr"": 0.25, ""regime_multiplier"": 1.0, ""style"": ""intraday"", ""style_min_rr"": 1.5, ""style_min_score"": 4.0}"
ENGINE_B,,,AUD/USD,LOW_VOLATILITY,intraday,engine_b_f1b9d9cacf,2,0,2,0.0,-0.145,,,-0.145,,,True,-0.02175,unspecified,unspecified,2,4.0,True,190,88,102,score_gte_candidate_threshold,"{""fallback_tp_enabled"": true, ""min_room_atr"": 0.25, ""regime_multiplier"": 1.0, ""style"": ""intraday"", ""style_min_rr"": 1.5, ""style_min_score"": 4.0}"
ENGINE_B,,,AUD/USD,LOW_VOLATILITY,intraday,engine_b_fd521a89d4,2,0,2,0.0,-0.145,,,-0.145,,,True,-0.02175,unspecified,unspecified,2,4.0,True,190,88,102,score_gte_candidate_threshold,"{""fallback_tp_enabled"": false, ""min_room_atr"": 0.25, ""regime_multiplier"": 1.0, ""style"": ""intraday"", ""style_min_rr"": 1.5, ""style_min_score"": 4.0}"
ENGINE_B,,,AUD/JPY,HH_HL,intraday,engine_b_f1b9d9cacf,1,0,1,0.0,-0.36,,,-0.36,,,True,-0.027,unspecified,unspecified,2,4.0,True,190,88,102,score_gte_candidate_threshold,"{""fallback_tp_enabled"": true, ""min_room_atr"": 0.25, ""regime_multiplier"": 1.0, ""style"": ""intraday"", ""style_min_rr"": 1.5, ""style_min_score"": 4.0}"
ENGINE_B,,,AUD/JPY,HH_HL,intraday,engine_b_fd521a89d4,1,0,1,0.0,-0.36,,,-0.36,,,True,-0.027,unspecified,unspecified,2,4.0,True,190,88,102,score_gte_candidate_threshold,"{""fallback_tp_enabled"": false, ""min_room_atr"": 0.25, ""regime_multiplier"": 1.0, ""style"": ""intraday"", ""style_min_rr"": 1.5, ""style_min_score"": 4.0}"
ENGINE_B,,,AUD/NZD,LOW_VOLATILITY,intraday,engine_b_f1b9d9cacf,2,0,2,0.0,-0.2,,,-0.2,,,True,-0.03,unspecified,unspecified,2,4.0,True,190,88,102,score_gte_candidate_threshold,"{""fallback_tp_enabled"": true, ""min_room_atr"": 0.25, ""regime_multiplier"": 1.0, ""style"": ""intraday"", ""style_min_rr"": 1.5, ""style_min_score"": 4.0}"
ENGINE_B,,,AUD/NZD,LOW_VOLATILITY,intraday,engine_b_fd521a89d4,2,0,2,0.0,-0.2,,,-0.2,,,True,-0.03,unspecified,unspecified,2,4.0,True,190,88,102,score_gte_candidate_threshold,"{""fallback_tp_enabled"": false, ""min_room_atr"": 0.25, ""regime_multiplier"": 1.0, ""style"": ""intraday"", ""style_min_rr"": 1.5, ""style_min_score"": 4.0}"
ENGINE_B,,,TRX/USDT,RANGING,intraday,engine_b_f1b9d9cacf,1,0,1,0.0,-0.42,,,-0.42,,,True,-0.0315,unspecified,unspecified,2,4.0,True,190,88,102,score_gte_candidate_threshold,"{""fallback_tp_enabled"": true, ""min_room_atr"": 0.25, ""regime_multiplier"": 1.0, ""style"": ""intraday"", ""style_min_rr"": 1.5, ""style_min_score"": 4.0}"
ENGINE_B,,,TRX/USDT,RANGING,intraday,engine_b_fd521a89d4,1,0,1,0.0,-0.42,,,-0.42,,,True,-0.0315,unspecified,unspecified,2,4.0,True,190,88,102,score_gte_candidate_threshold,"{""fallback_tp_enabled"": false, ""min_room_atr"": 0.25, ""regime_multiplier"": 1.0, ""style"": ""intraday"", ""style_min_rr"": 1.5, ""style_min_score"": 4.0}"
ENGINE_B,,,GBP/AUD,TRENDING,intraday,engine_b_f1b9d9cacf,1,0,1,0.0,-0.44,,,-0.44,,,True,-0.033,unspecified,unspecified,2,4.0,True,190,88,102,score_gte_candidate_threshold,"{""fallback_tp_enabled"": true, ""min_room_atr"": 0.25, ""regime_multiplier"": 1.0, ""style"": ""intraday"", ""style_min_rr"": 1.5, ""style_min_score"": 4.0}"
ENGINE_B,,,GBP/AUD,TRENDING,intraday,engine_b_fd521a89d4,1,0,1,0.0,-0.44,,,-0.44,,,True,-0.033,unspecified,unspecified,2,4.0,True,190,88,102,score_gte_candidate_threshold,"{""fallback_tp_enabled"": false, ""min_room_atr"": 0.25, ""regime_multiplier"": 1.0, ""style"": ""intraday"", ""style_min_rr"": 1.5, ""style_min_score"": 4.0}"
ENGINE_B,,,UK100,HH_HL,scalp,engine_b_f1b9d9cacf,1,0,1,0.0,-0.49,,,-0.49,,,True,-0.03675,unspecified,unspecified,2,4.0,True,190,88,102,score_gte_candidate_threshold,"{""fallback_tp_enabled"": true, ""min_room_atr"": 0.25, ""regime_multiplier"": 1.0, ""style"": ""intraday"", ""style_min_rr"": 1.5, ""style_min_score"": 4.0}"
ENGINE_B,,,UK100,HH_HL,scalp,engine_b_fd521a89d4,1,0,1,0.0,-0.49,,,-0.49,,,True,-0.03675,unspecified,unspecified,2,4.0,True,190,88,102,score_gte_candidate_threshold,"{""fallback_tp_enabled"": false, ""min_room_atr"": 0.25, ""regime_multiplier"": 1.0, ""style"": ""intraday"", ""style_min_rr"": 1.5, ""style_min_score"": 4.0}"
ENGINE_B,,,USD/INR,TRENDING,intraday,engine_b_f1b9d9cacf,1,0,1,0.0,-0.66,,,-0.66,,,True,-0.0495,unspecified,unspecified,2,4.0,True,190,88,102,score_gte_candidate_threshold,"{""fallback_tp_enabled"": true, ""min_room_atr"": 0.25, ""regime_multiplier"": 1.0, ""style"": ""intraday"", ""style_min_rr"": 1.5, ""style_min_score"": 4.0}"
ENGINE_B,,,USD/INR,TRENDING,intraday,engine_b_fd521a89d4,1,0,1,0.0,-0.66,,,-0.66,,,True,-0.0495,unspecified,unspecified,2,4.0,True,190,88,102,score_gte_candidate_threshold,"{""fallback_tp_enabled"": false, ""min_room_atr"": 0.25, ""regime_multiplier"": 1.0, ""style"": ""intraday"", ""style_min_rr"": 1.5, ""style_min_score"": 4.0}"
ENGINE_B,,,EUR/CHF,EXPANSION,intraday,engine_b_f1b9d9cacf,1,0,1,0.0,-0.83,,,-0.83,,,True,-0.06225,unspecified,unspecified,2,4.0,True,190,88,102,score_gte_candidate_threshold,"{""fallback_tp_enabled"": true, ""min_room_atr"": 0.25, ""regime_multiplier"": 1.0, ""style"": ""intraday"", ""style_min_rr"": 1.5, ""style_min_score"": 4.0}"
ENGINE_B,,,EUR/CHF,EXPANSION,intraday,engine_b_fd521a89d4,1,0,1,0.0,-0.83,,,-0.83,,,True,-0.06225,unspecified,unspecified,2,4.0,True,190,88,102,score_gte_candidate_threshold,"{""fallback_tp_enabled"": false, ""min_room_atr"": 0.25, ""regime_multiplier"": 1.0, ""style"": ""intraday"", ""style_min_rr"": 1.5, ""style_min_score"": 4.0}"
ENGINE_B,,,GBP/JPY,RANGING,intraday,engine_b_f1b9d9cacf,2,0,2,0.0,-0.49,,,-0.49,,,True,-0.0735,unspecified,unspecified,2,4.0,True,190,88,102,score_gte_candidate_threshold,"{""fallback_tp_enabled"": true, ""min_room_atr"": 0.25, ""regime_multiplier"": 1.0, ""style"": ""intraday"", ""style_min_rr"": 1.5, ""style_min_score"": 4.0}"
ENGINE_B,,,GBP/JPY,RANGING,intraday,engine_b_fd521a89d4,2,0,2,0.0,-0.49,,,-0.49,,,True,-0.0735,unspecified,unspecified,2,4.0,True,190,88,102,score_gte_candidate_threshold,"{""fallback_tp_enabled"": false, ""min_room_atr"": 0.25, ""regime_multiplier"": 1.0, ""style"": ""intraday"", ""style_min_rr"": 1.5, ""style_min_score"": 4.0}"
ENGINE_B,,,GBP/JPY,RANGING,swing,engine_b_f1b9d9cacf,2,0,2,0.0,-0.51,,,-0.51,,,True,-0.0765,unspecified,unspecified,2,4.0,True,190,88,102,score_gte_candidate_threshold,"{""fallback_tp_enabled"": true, ""min_room_atr"": 0.25, ""regime_multiplier"": 1.0, ""style"": ""intraday"", ""style_min_rr"": 1.5, ""style_min_score"": 4.0}"
ENGINE_B,,,GBP/JPY,RANGING,swing,engine_b_fd521a89d4,2,0,2,0.0,-0.51,,,-0.51,,,True,-0.0765,unspecified,unspecified,2,4.0,True,190,88,102,score_gte_candidate_threshold,"{""fallback_tp_enabled"": false, ""min_room_atr"": 0.25, ""regime_multiplier"": 1.0, ""style"": ""intraday"", ""style_min_rr"": 1.5, ""style_min_score"": 4.0}"
ENGINE_B,,,EUR/CHF,RANGING,intraday,engine_b_f1b9d9cacf,1,0,1,0.0,-1.05,,,-1.05,,,True,-0.07875,unspecified,unspecified,2,4.0,True,190,88,102,score_gte_candidate_threshold,"{""fallback_tp_enabled"": true, ""min_room_atr"": 0.25, ""regime_multiplier"": 1.0, ""style"": ""intraday"", ""style_min_rr"": 1.5, ""style_min_score"": 4.0}"
ENGINE_B,,,EUR/CHF,RANGING,intraday,engine_b_fd521a89d4,1,0,1,0.0,-1.05,,,-1.05,,,True,-0.07875,unspecified,unspecified,2,4.0,True,190,88,102,score_gte_candidate_threshold,"{""fallback_tp_enabled"": false, ""min_room_atr"": 0.25, ""regime_multiplier"": 1.0, ""style"": ""intraday"", ""style_min_rr"": 1.5, ""style_min_score"": 4.0}"
ENGINE_B,,,EUR/JPY,RANGING,scalp,engine_b_f1b9d9cacf,2,0,2,0.0,-0.96,,,-0.96,,,True,-0.144,unspecified,unspecified,2,4.0,True,190,88,102,score_gte_candidate_threshold,"{""fallback_tp_enabled"": true, ""min_room_atr"": 0.25, ""regime_multiplier"": 1.0, ""style"": ""intraday"", ""style_min_rr"": 1.5, ""style_min_score"": 4.0}"
ENGINE_B,,,EUR/JPY,RANGING,scalp,engine_b_fd521a89d4,2,0,2,0.0,-0.96,,,-0.96,,,True,-0.144,unspecified,unspecified,2,4.0,True,190,88,102,score_gte_candidate_threshold,"{""fallback_tp_enabled"": false, ""min_room_atr"": 0.25, ""regime_multiplier"": 1.0, ""style"": ""intraday"", ""style_min_rr"": 1.5, ""style_min_score"": 4.0}"
ENGINE_B,,,USD/JPY,RANGING,scalp,engine_b_f1b9d9cacf,4,0,4,0.0,-0.5,,,-0.5,,,True,-0.15,unspecified,unspecified,2,4.0,True,190,88,102,score_gte_candidate_threshold,"{""fallback_tp_enabled"": true, ""min_room_atr"": 0.25, ""regime_multiplier"": 1.0, ""style"": ""intraday"", ""style_min_rr"": 1.5, ""style_min_score"": 4.0}"
ENGINE_B,,,USD/SGD,TRENDING,intraday,engine_b_f1b9d9cacf,2,0,2,0.0,-1.0,,,-1.0,,,True,-0.15,unspecified,unspecified,2,4.0,True,190,88,102,score_gte_candidate_threshold,"{""fallback_tp_enabled"": true, ""min_room_atr"": 0.25, ""regime_multiplier"": 1.0, ""style"": ""intraday"", ""style_min_rr"": 1.5, ""style_min_score"": 4.0}"
ENGINE_B,,,USD/JPY,RANGING,scalp,engine_b_fd521a89d4,4,0,4,0.0,-0.5,,,-0.5,,,True,-0.15,unspecified,unspecified,2,4.0,True,190,88,102,score_gte_candidate_threshold,"{""fallback_tp_enabled"": false, ""min_room_atr"": 0.25, ""regime_multiplier"": 1.0, ""style"": ""intraday"", ""style_min_rr"": 1.5, ""style_min_score"": 4.0}"
ENGINE_B,,,USD/SGD,TRENDING,intraday,engine_b_fd521a89d4,2,0,2,0.0,-1.0,,,-1.0,,,True,-0.15,unspecified,unspecified,2,4.0,True,190,88,102,score_gte_candidate_threshold,"{""fallback_tp_enabled"": false, ""min_room_atr"": 0.25, ""regime_multiplier"": 1.0, ""style"": ""intraday"", ""style_min_rr"": 1.5, ""style_min_score"": 4.0}"
