pair,direction,date,resultR,engine_b_score,engine_b_max,engine_b_score_ratio,engine_b_min_score_used,engine_b_candidate_passed,engine_b_manual_quality_passed_score_6_5,engine_b_manual_quality_passed_ratio_0_75,engine_b_autotrade_quality_passed_ratio_0_80,signalTier,autotradeIngressEligible,b_only_watchlist_reason,executionConvictionBase,executionConvictionEffective,autoMinConviction,alignedDiscountApplied,metaThresholdDelta,failedStage,blockReason
XAU/USD,SHORT,2025-02-03,-1.04,4.0,8.0,0.5,3.6,True,False,False,False,,False,,0.5,0.5,0.5,False,0.0,,
XAU/USD,SHORT,2025-02-26,1.73,6.0,8.0,0.75,3.6,True,False,True,False,,False,,0.75,0.75,0.5,False,0.0,,
XAU/USD,SHORT,2025-03-03,-1.03,6.0,8.0,0.75,3.6,True,False,True,False,,False,,0.75,0.75,0.5,False,0.0,,
XAU/USD,SHORT,2025-03-24,-1.02,6.0,8.0,0.75,3.6,True,False,True,False,,False,,0.75,0.75,0.5,False,0.0,,
XAU/USD,SHORT,2025-04-04,1.82,5.0,8.0,0.625,3.6,True,False,False,False,,False,,0.625,0.625,0.5,False,0.0,,
XAU/USD,SHORT,2025-04-07,-1.02,5.0,8.0,0.625,3.6,True,False,False,False,,False,,0.625,0.625,0.5,False,0.0,,
XAU/USD,SHORT,2025-04-10,-1.03,4.75,8.0,0.59375,3.6,True,False,False,False,,False,,0.59375,0.59375,0.5,False,0.0,,
XAU/USD,SHORT,2025-05-01,-1.02,4.75,8.0,0.59375,3.6,True,False,False,False,,False,,0.59375,0.59375,0.5,False,0.0,,
XAU/USD,SHORT,2025-05-15,-1.02,4.75,8.0,0.59375,3.6,True,False,False,False,,False,,0.59375,0.59375,0.5,False,0.0,,
XAU/USD,SHORT,2025-05-16,-1.02,4.75,8.0,0.59375,3.6,True,False,False,False,,False,,0.59375,0.59375,0.5,False,0.0,,
XAU/USD,SHORT,2025-06-25,1.72,5.0,8.0,0.625,3.6,True,False,False,False,,False,,0.625,0.625,0.5,False,0.0,,
XAU/USD,SHORT,2025-06-30,-1.03,5.0,8.0,0.625,3.6,True,False,False,False,,False,,0.625,0.625,0.5,False,0.0,,
XAU/USD,SHORT,2025-07-01,0.02,5.0,8.0,0.625,3.6,True,False,False,False,,False,,0.625,0.625,0.5,False,0.0,,
XAU/USD,SHORT,2025-07-16,-1.04,5.0,8.0,0.625,3.6,True,False,False,False,,False,,0.625,0.625,0.5,False,0.0,,
XAU/USD,SHORT,2025-07-17,-1.04,5.0,8.0,0.625,3.6,True,False,False,False,,False,,0.625,0.625,0.5,False,0.0,,
XAU/USD,SHORT,2025-07-31,-1.04,5.0,8.0,0.625,3.6,True,False,False,False,,False,,0.625,0.625,0.5,False,0.0,,
XAU/USD,SHORT,2025-08-04,-1.06,5.75,8.0,0.71875,3.6,True,False,False,False,,False,,0.71875,0.71875,0.5,False,0.0,,
XAU/USD,SHORT,2025-08-13,0.21,4.75,8.0,0.59375,3.6,True,False,False,False,,False,,0.59375,0.59375,0.5,False,0.0,,
XAU/USD,SHORT,2025-08-19,-1.05,5.0,8.0,0.625,3.6,True,False,False,False,,False,,0.625,0.625,0.5,False,0.0,,
XAU/USD,SHORT,2025-08-25,-1.08,4.75,8.0,0.59375,3.6,True,False,False,False,,False,,0.59375,0.59375,0.5,False,0.0,,
XAU/USD,SHORT,2025-10-29,0.53,4.75,8.0,0.59375,3.6,True,False,False,False,,False,,0.59375,0.59375,0.5,False,0.0,,
XAU/USD,SHORT,2025-12-29,-1.02,3.75,8.0,0.46875,3.6,True,False,False,False,,False,,0.46875,0.46875,0.5,False,0.0,,
XAU/USD,SHORT,2026-02-09,0.15,4.75,8.0,0.59375,3.6,True,False,False,False,,False,,0.59375,0.59375,0.5,False,0.0,,
XAU/USD,SHORT,2026-02-17,-1.02,5.0,8.0,0.625,3.6,True,False,False,False,,False,,0.625,0.625,0.5,False,0.0,,
XAU/USD,SHORT,2026-03-03,-0.15,5.0,8.0,0.625,3.6,True,False,False,False,,False,,0.625,0.625,0.5,False,0.0,,
XAU/USD,SHORT,2026-03-16,1.85,4.0,8.0,0.5,3.6,True,False,False,False,,False,,0.5,0.5,0.5,False,0.0,,
XAU/USD,SHORT,2026-03-19,-1.01,6.0,8.0,0.75,3.6,True,False,True,False,,False,,0.75,0.75,0.5,False,0.0,,
XAU/USD,SHORT,2026-03-20,1.89,6.0,8.0,0.75,3.6,True,False,True,False,,False,,0.75,0.75,0.5,False,0.0,,
XAU/USD,SHORT,2026-03-25,1.31,5.0,8.0,0.625,3.6,True,False,False,False,,False,,0.625,0.625,0.5,False,0.0,,
XAU/USD,SHORT,2026-03-27,-1.01,6.0,8.0,0.75,3.6,True,False,True,False,,False,,0.75,0.75,0.5,False,0.0,,
XAU/USD,SHORT,2026-04-13,-1.02,5.0,8.0,0.625,3.6,True,False,False,False,,False,,0.625,0.625,0.5,False,0.0,,
XAU/USD,SHORT,2026-04-15,-1.04,4.75,8.0,0.59375,3.6,True,False,False,False,,False,,0.59375,0.59375,0.5,False,0.0,,
XAU/USD,SHORT,2026-04-22,1.71,5.0,8.0,0.625,3.6,True,False,False,False,,False,,0.625,0.625,0.5,False,0.0,,
XAU/USD,SHORT,2026-04-28,0.75,6.0,8.0,0.75,3.6,True,False,True,False,,False,,0.75,0.75,0.5,False,0.0,,
XAU/USD,SHORT,2026-05-15,1.79,6.0,8.0,0.75,3.6,True,False,True,False,,False,,0.75,0.75,0.5,False,0.0,,
XAU/USD,SHORT,2026-05-18,0.41,5.0,8.0,0.625,3.6,True,False,False,False,,False,,0.625,0.625,0.5,False,0.0,,
XAU/USD,SHORT,2026-05-28,-1.02,6.0,8.0,0.75,3.6,True,False,True,False,,False,,0.75,0.75,0.5,False,0.0,,
XAU/USD,LONG,2024-12-27,-1.03,4.75,8.0,0.59375,3.6,True,False,False,False,,False,,0.59375,0.59375,0.5,False,0.0,,
XAU/USD,LONG,2024-12-31,1.47,5.0,8.0,0.625,3.6,True,False,False,False,,False,,0.625,0.625,0.5,False,0.0,,
XAU/USD,LONG,2025-01-02,0.11,4.75,8.0,0.59375,3.6,True,False,False,False,,False,,0.59375,0.59375,0.5,False,0.0,,
XAU/USD,LONG,2025-01-09,0.36,5.0,8.0,0.625,3.6,True,False,False,False,,False,,0.625,0.625,0.5,False,0.0,,
XAU/USD,LONG,2025-01-15,0.99,6.0,8.0,0.75,3.6,True,False,True,False,,False,,0.75,0.75,0.5,False,0.0,,
XAU/USD,LONG,2025-01-22,-0.03,5.0,8.0,0.625,3.6,True,False,False,False,,False,,0.625,0.625,0.5,False,0.0,,
XAU/USD,LONG,2025-01-29,1.59,5.0,8.0,0.625,3.6,True,False,False,False,,False,,0.625,0.625,0.5,False,0.0,,
XAU/USD,LONG,2025-02-04,0.83,5.0,8.0,0.625,3.6,True,False,False,False,,False,,0.625,0.625,0.5,False,0.0,,
XAU/USD,LONG,2025-02-10,-0.32,5.0,8.0,0.625,3.6,True,False,False,False,,False,,0.625,0.625,0.5,False,0.0,,
XAU/USD,LONG,2025-02-19,-0.14,5.0,8.0,0.625,3.6,True,False,False,False,,False,,0.625,0.625,0.5,False,0.0,,
XAU/USD,LONG,2025-03-05,-1.03,6.0,8.0,0.75,3.6,True,False,True,False,,False,,0.75,0.75,0.5,False,0.0,,
XAU/USD,LONG,2025-03-11,1.72,5.0,8.0,0.625,3.6,True,False,False,False,,False,,0.625,0.625,0.5,False,0.0,,
XAU/USD,LONG,2025-03-21,-1.03,6.0,8.0,0.75,3.6,True,False,True,False,,False,,0.75,0.75,0.5,False,0.0,,
XAU/USD,LONG,2025-03-28,0.33,6.0,8.0,0.75,3.6,True,False,True,False,,False,,0.75,0.75,0.5,False,0.0,,
XAU/USD,LONG,2025-04-11,0.78,6.0,8.0,0.75,3.6,True,False,True,False,,False,,0.75,0.75,0.5,False,0.0,,
XAU/USD,LONG,2025-04-21,-0.68,7.0,8.0,0.875,3.6,True,True,True,True,,False,,0.875,0.875,0.5,False,0.0,,
XAU/USD,LONG,2025-04-28,-1.02,5.0,8.0,0.625,3.6,True,False,False,False,,False,,0.625,0.625,0.5,False,0.0,,
XAU/USD,LONG,2025-05-06,-1.02,6.0,8.0,0.75,3.6,True,False,True,False,,False,,0.75,0.75,0.5,False,0.0,,
XAU/USD,LONG,2025-05-09,-1.02,4.75,8.0,0.59375,3.6,True,False,False,False,,False,,0.59375,0.59375,0.5,False,0.0,,
XAU/USD,LONG,2025-05-12,1.67,5.0,8.0,0.625,3.6,True,False,False,False,,False,,0.625,0.625,0.5,False,0.0,,
XAU/USD,LONG,2025-05-13,-1.04,4.75,8.0,0.59375,3.6,True,False,False,False,,False,,0.59375,0.59375,0.5,False,0.0,,
XAU/USD,LONG,2025-05-20,0.96,4.75,8.0,0.59375,3.6,True,False,False,False,,False,,0.59375,0.59375,0.5,False,0.0,,
XAU/USD,LONG,2025-05-27,-1.03,5.0,8.0,0.625,3.6,True,False,False,False,,False,,0.625,0.625,0.5,False,0.0,,
XAU/USD,LONG,2025-05-29,1.74,5.0,8.0,0.625,3.6,True,False,False,False,,False,,0.625,0.625,0.5,False,0.0,,
XAU/USD,LONG,2025-06-03,-1.03,6.0,8.0,0.75,3.6,True,False,True,False,,False,,0.75,0.75,0.5,False,0.0,,
XAU/USD,LONG,2025-06-04,-1.03,6.0,8.0,0.75,3.6,True,False,True,False,,False,,0.75,0.75,0.5,False,0.0,,
XAU/USD,LONG,2025-06-09,1.56,5.75,8.0,0.71875,3.6,True,False,False,False,,False,,0.71875,0.71875,0.5,False,0.0,,
XAU/USD,LONG,2025-06-12,0.37,5.0,8.0,0.625,3.6,True,False,False,False,,False,,0.625,0.625,0.5,False,0.0,,
XAU/USD,LONG,2025-06-19,-1.03,5.0,8.0,0.625,3.6,True,False,False,False,,False,,0.625,0.625,0.5,False,0.0,,
XAU/USD,LONG,2025-06-24,1.8,6.0,8.0,0.75,3.6,True,False,True,False,,False,,0.75,0.75,0.5,False,0.0,,
XAU/USD,LONG,2025-07-08,1.63,5.0,8.0,0.625,3.6,True,False,False,False,,False,,0.625,0.625,0.5,False,0.0,,
XAU/USD,LONG,2025-07-14,-1.03,5.0,8.0,0.625,3.6,True,False,False,False,,False,,0.625,0.625,0.5,False,0.0,,
XAU/USD,LONG,2025-07-21,1.65,5.0,8.0,0.625,3.6,True,False,False,False,,False,,0.625,0.625,0.5,False,0.0,,
XAU/USD,LONG,2025-07-23,-1.04,5.0,8.0,0.625,3.6,True,False,False,False,,False,,0.625,0.625,0.5,False,0.0,,
XAU/USD,LONG,2025-07-24,-1.04,6.0,8.0,0.75,3.6,True,False,True,False,,False,,0.75,0.75,0.5,False,0.0,,
XAU/USD,LONG,2025-07-25,-1.05,4.75,8.0,0.59375,3.6,True,False,False,False,,False,,0.59375,0.59375,0.5,False,0.0,,
XAU/USD,LONG,2025-07-28,-1.05,4.75,8.0,0.59375,3.6,True,False,False,False,,False,,0.59375,0.59375,0.5,False,0.0,,
XAU/USD,LONG,2025-07-29,-1.05,4.75,8.0,0.59375,3.6,True,False,False,False,,False,,0.59375,0.59375,0.5,False,0.0,,
XAU/USD,LONG,2025-08-05,-0.18,6.0,8.0,0.75,3.6,True,False,True,False,,False,,0.75,0.75,0.5,False,0.0,,
XAU/USD,LONG,2025-08-11,-1.06,5.0,8.0,0.625,3.6,True,False,False,False,,False,,0.625,0.625,0.5,False,0.0,,
XAU/USD,LONG,2025-08-26,1.63,5.0,8.0,0.625,3.6,True,False,False,False,,False,,0.625,0.625,0.5,False,0.0,,
XAU/USD,LONG,2025-09-01,1.61,6.0,8.0,0.75,3.6,True,False,True,False,,False,,0.75,0.75,0.5,False,0.0,,
XAU/USD,LONG,2025-09-04,1.74,6.0,8.0,0.75,3.6,True,False,True,False,,False,,0.75,0.75,0.5,False,0.0,,
XAU/USD,LONG,2025-09-10,0.87,6.0,8.0,0.75,3.6,True,False,True,False,,False,,0.75,0.75,0.5,False,0.0,,
XAU/USD,LONG,2025-09-16,0.47,6.0,8.0,0.75,3.6,True,False,True,False,,False,,0.75,0.75,0.5,False,0.0,,
XAU/USD,LONG,2025-09-24,-1.03,6.0,8.0,0.75,3.6,True,False,True,False,,False,,0.75,0.75,0.5,False,0.0,,
XAU/USD,LONG,2025-09-25,1.71,6.0,8.0,0.75,3.6,True,False,True,False,,False,,0.75,0.75,0.5,False,0.0,,
XAU/USD,LONG,2025-09-30,0.56,7.0,8.0,0.875,3.6,True,True,True,True,,False,,0.875,0.875,0.5,False,0.0,,
XAU/USD,LONG,2025-10-09,-1.02,7.0,8.0,0.875,3.6,True,True,True,True,,False,,0.875,0.875,0.5,False,0.0,,
XAU/USD,LONG,2025-10-10,1.63,7.0,8.0,0.875,3.6,True,True,True,True,,False,,0.875,0.875,0.5,False,0.0,,
XAU/USD,LONG,2025-10-15,1.43,7.0,8.0,0.875,3.6,True,True,True,True,,False,,0.875,0.875,0.5,False,0.0,,
XAU/USD,LONG,2025-10-21,-1.03,6.0,8.0,0.75,3.6,True,False,True,False,,False,,0.75,0.75,0.5,False,0.0,,
XAU/USD,LONG,2025-10-22,-1.01,5.75,8.0,0.71875,3.6,True,False,False,False,,False,,0.71875,0.71875,0.5,False,0.0,,
XAU/USD,LONG,2025-11-05,1.8,5.0,8.0,0.625,3.6,True,False,False,False,,False,,0.625,0.625,0.5,False,0.0,,
XAU/USD,LONG,2025-11-10,1.97,5.75,8.0,0.71875,3.6,True,False,False,False,,False,,0.71875,0.71875,0.5,False,0.0,,
XAU/USD,LONG,2025-11-13,-1.01,6.0,8.0,0.75,3.6,True,False,True,False,,False,,0.75,0.75,0.5,False,0.0,,
XAU/USD,LONG,2025-11-17,-1.02,5.75,8.0,0.71875,3.6,True,False,False,False,,False,,0.71875,0.71875,0.5,False,0.0,,
XAU/USD,LONG,2025-11-18,0.51,4.75,8.0,0.59375,3.6,True,False,False,False,,False,,0.59375,0.59375,0.5,False,0.0,,
XAU/USD,LONG,2025-11-25,1.1,5.0,8.0,0.625,3.6,True,False,False,False,,False,,0.625,0.625,0.5,False,0.0,,
XAU/USD,LONG,2025-12-02,-1.03,5.0,8.0,0.625,3.6,True,False,False,False,,False,,0.625,0.625,0.5,False,0.0,,
XAU/USD,LONG,2025-12-03,-0.45,5.0,8.0,0.625,3.6,True,False,False,False,,False,,0.625,0.625,0.5,False,0.0,,
XAU/USD,LONG,2025-12-11,1.97,5.0,8.0,0.625,3.6,True,False,False,False,,False,,0.625,0.625,0.5,False,0.0,,
XAU/USD,LONG,2025-12-15,0.18,5.0,8.0,0.625,3.6,True,False,False,False,,False,,0.625,0.625,0.5,False,0.0,,
XAU/USD,LONG,2025-12-19,1.33,5.0,8.0,0.625,3.6,True,False,False,False,,False,,0.625,0.625,0.5,False,0.0,,
XAU/USD,LONG,2026-01-05,1.01,6.0,8.0,0.75,3.6,True,False,True,False,,False,,0.75,0.75,0.5,False,0.0,,
XAU/USD,LONG,2026-01-19,1.53,6.0,8.0,0.75,3.6,True,False,True,False,,False,,0.75,0.75,0.5,False,0.0,,
XAU/USD,LONG,2026-01-23,1.9,6.0,8.0,0.75,3.6,True,False,True,False,,False,,0.75,0.75,0.5,False,0.0,,
XAU/USD,LONG,2026-01-29,-1.01,6.0,8.0,0.75,3.6,True,False,True,False,,False,,0.75,0.75,0.5,False,0.0,,
XAU/USD,LONG,2026-01-30,-1.01,6.0,8.0,0.75,3.6,True,False,True,False,,False,,0.75,0.75,0.5,False,0.0,,
XAU/USD,LONG,2026-02-23,0.76,6.0,8.0,0.75,3.6,True,False,True,False,,False,,0.75,0.75,0.5,False,0.0,,
XAU/USD,LONG,2026-03-02,-1.02,6.0,8.0,0.75,3.6,True,False,True,False,,False,,0.75,0.75,0.5,False,0.0,,
XAU/USD,LONG,2026-03-10,-1.02,5.0,8.0,0.625,3.6,True,False,False,False,,False,,0.625,0.625,0.5,False,0.0,,
XAU/USD,LONG,2026-03-13,-1.02,4.75,8.0,0.59375,3.6,True,False,False,False,,False,,0.59375,0.59375,0.5,False,0.0,,
XAU/USD,LONG,2026-03-31,0.27,4.75,8.0,0.59375,3.6,True,False,False,False,,False,,0.59375,0.59375,0.5,False,0.0,,
XAU/USD,LONG,2026-04-07,-0.01,5.75,8.0,0.71875,3.6,True,False,False,False,,False,,0.71875,0.71875,0.5,False,0.0,,
XAU/USD,LONG,2026-04-20,-1.03,4.75,8.0,0.59375,3.6,True,False,False,False,,False,,0.59375,0.59375,0.5,False,0.0,,
XAU/USD,LONG,2026-05-06,0.36,5.0,8.0,0.625,3.6,True,False,False,False,,False,,0.625,0.625,0.5,False,0.0,,
XAU/USD,LONG,2026-05-26,-1.03,4.75,8.0,0.59375,3.6,True,False,False,False,,False,,0.59375,0.59375,0.5,False,0.0,,
XAU/USD,LONG,2026-05-27,-1.03,4.75,8.0,0.59375,3.6,True,False,False,False,,False,,0.59375,0.59375,0.5,False,0.0,,
XAG/USD,SHORT,2024-12-27,-1.02,4.0,8.0,0.5,3.6,True,False,False,False,,False,,0.5,0.5,0.5,False,0.0,,
XAG/USD,SHORT,2025-01-06,-1.02,4.75,8.0,0.59375,3.6,True,False,False,False,,False,,0.59375,0.59375,0.5,False,0.0,,
XAG/USD,SHORT,2025-01-13,-1.02,3.75,8.0,0.46875,3.6,True,False,False,False,,False,,0.46875,0.46875,0.5,False,0.0,,
XAG/USD,SHORT,2025-01-16,-0.8,4.75,8.0,0.59375,3.6,True,False,False,False,,False,,0.59375,0.59375,0.5,False,0.0,,
XAG/USD,SHORT,2025-01-29,-1.02,5.0,8.0,0.625,3.6,True,False,False,False,,False,,0.625,0.625,0.5,False,0.0,,
XAG/USD,SHORT,2025-01-30,-1.03,4.75,8.0,0.59375,3.6,True,False,False,False,,False,,0.59375,0.59375,0.5,False,0.0,,
XAG/USD,SHORT,2025-02-12,-1.02,4.75,8.0,0.59375,3.6,True,False,False,False,,False,,0.59375,0.59375,0.5,False,0.0,,
XAG/USD,SHORT,2025-02-14,-0.35,5.0,8.0,0.625,3.6,True,False,False,False,,False,,0.625,0.625,0.5,False,0.0,,
XAG/USD,SHORT,2025-02-21,1.82,5.0,8.0,0.625,3.6,True,False,False,False,,False,,0.625,0.625,0.5,False,0.0,,
XAG/USD,SHORT,2025-02-26,-0.04,4.75,8.0,0.59375,3.6,True,False,False,False,,False,,0.59375,0.59375,0.5,False,0.0,,
XAG/USD,SHORT,2025-03-11,-1.02,4.75,8.0,0.59375,3.6,True,False,False,False,,False,,0.59375,0.59375,0.5,False,0.0,,
XAG/USD,SHORT,2025-03-21,-1.02,5.0,8.0,0.625,3.6,True,False,False,False,,False,,0.625,0.625,0.5,False,0.0,,
XAG/USD,SHORT,2025-04-01,1.37,4.75,8.0,0.59375,3.6,True,False,False,False,,False,,0.59375,0.59375,0.5,False,0.0,,
XAG/USD,SHORT,2025-04-03,1.85,5.0,8.0,0.625,3.6,True,False,False,False,,False,,0.625,0.625,0.5,False,0.0,,
XAG/USD,SHORT,2025-04-04,1.89,6.0,8.0,0.75,3.6,True,False,True,False,,False,,0.75,0.75,0.5,False,0.0,,
XAG/USD,SHORT,2025-04-29,1.82,5.0,8.0,0.625,3.6,True,False,False,False,,False,,0.625,0.625,0.5,False,0.0,,
XAG/USD,SHORT,2025-05-02,0.32,5.0,8.0,0.625,3.6,True,False,False,False,,False,,0.625,0.625,0.5,False,0.0,,
XAG/USD,SHORT,2025-05-28,-1.03,5.0,8.0,0.625,3.6,True,False,False,False,,False,,0.625,0.625,0.5,False,0.0,,
XAG/USD,SHORT,2025-06-09,0.07,4.75,8.0,0.59375,3.6,True,False,False,False,,False,,0.59375,0.59375,0.5,False,0.0,,
XAG/USD,SHORT,2025-06-26,1.74,4.75,8.0,0.59375,3.6,True,False,False,False,,False,,0.59375,0.59375,0.5,False,0.0,,
XAG/USD,SHORT,2025-07-17,-1.02,5.75,8.0,0.71875,3.6,True,False,False,False,,False,,0.71875,0.71875,0.5,False,0.0,,
XAG/USD,SHORT,2025-07-23,1.47,4.75,8.0,0.59375,3.6,True,False,False,False,,False,,0.59375,0.59375,0.5,False,0.0,,
XAG/USD,SHORT,2025-07-30,1.73,5.0,8.0,0.625,3.6,True,False,False,False,,False,,0.625,0.625,0.5,False,0.0,,
XAG/USD,SHORT,2025-07-31,-1.02,5.0,8.0,0.625,3.6,True,False,False,False,,False,,0.625,0.625,0.5,False,0.0,,
XAG/USD,SHORT,2025-08-14,1.77,5.0,8.0,0.625,3.6,True,False,False,False,,False,,0.625,0.625,0.5,False,0.0,,
XAG/USD,SHORT,2025-08-20,-1.03,6.0,8.0,0.75,3.6,True,False,True,False,,False,,0.75,0.75,0.5,False,0.0,,
XAG/USD,SHORT,2025-10-03,-1.02,4.75,8.0,0.59375,3.6,True,False,False,False,,False,,0.59375,0.59375,0.5,False,0.0,,
XAG/USD,SHORT,2025-10-23,0.5,4.75,8.0,0.59375,3.6,True,False,False,False,,False,,0.59375,0.59375,0.5,False,0.0,,
XAG/USD,SHORT,2025-10-30,-1.01,4.75,8.0,0.59375,3.6,True,False,False,False,,False,,0.59375,0.59375,0.5,False,0.0,,
XAG/USD,SHORT,2025-11-06,-1.02,4.75,8.0,0.59375,3.6,True,False,False,False,,False,,0.59375,0.59375,0.5,False,0.0,,
XAG/USD,SHORT,2025-11-21,-1.01,6.0,8.0,0.75,3.6,True,False,True,False,,False,,0.75,0.75,0.5,False,0.0,,
XAG/USD,SHORT,2025-12-05,-1.02,4.75,8.0,0.59375,3.6,True,False,False,False,,False,,0.59375,0.59375,0.5,False,0.0,,
XAG/USD,SHORT,2026-01-06,-1.01,4.75,8.0,0.59375,3.6,True,False,False,False,,False,,0.59375,0.59375,0.5,False,0.0,,
XAG/USD,SHORT,2026-02-19,-1.01,5.0,8.0,0.625,3.6,True,False,False,False,,False,,0.625,0.625,0.5,False,0.0,,
XAG/USD,SHORT,2026-02-23,-1.01,4.75,8.0,0.59375,3.6,True,False,False,False,,False,,0.59375,0.59375,0.5,False,0.0,,
XAG/USD,SHORT,2026-03-10,1.93,4.75,8.0,0.59375,3.6,True,False,False,False,,False,,0.59375,0.59375,0.5,False,0.0,,
XAG/USD,SHORT,2026-04-13,-1.01,5.0,8.0,0.625,3.6,True,False,False,False,,False,,0.625,0.625,0.5,False,0.0,,
XAG/USD,SHORT,2026-04-23,1.02,5.0,8.0,0.625,3.6,True,False,False,False,,False,,0.625,0.625,0.5,False,0.0,,
XAG/USD,SHORT,2026-04-29,-1.01,5.0,8.0,0.625,3.6,True,False,False,False,,False,,0.625,0.625,0.5,False,0.0,,
XAG/USD,SHORT,2026-05-01,-1.01,5.0,8.0,0.625,3.6,True,False,False,False,,False,,0.625,0.625,0.5,False,0.0,,
XAG/USD,SHORT,2026-05-05,-1.01,5.0,8.0,0.625,3.6,True,False,False,False,,False,,0.625,0.625,0.5,False,0.0,,
XAG/USD,SHORT,2026-05-13,1.9,3.75,8.0,0.46875,3.6,True,False,False,False,,False,,0.46875,0.46875,0.5,False,0.0,,
XAG/USD,SHORT,2026-05-22,1.12,5.0,8.0,0.625,3.6,True,False,False,False,,False,,0.625,0.625,0.5,False,0.0,,
XAG/USD,SHORT,2026-05-28,0.08,5.0,8.0,0.625,3.6,True,False,False,False,,False,,0.625,0.625,0.5,False,0.0,,
XAG/USD,LONG,2025-01-22,-1.01,5.75,8.0,0.71875,3.6,True,False,False,False,,False,,0.71875,0.71875,0.5,False,0.0,,
XAG/USD,LONG,2025-01-31,-1.01,5.0,8.0,0.625,3.6,True,False,False,False,,False,,0.625,0.625,0.5,False,0.0,,
XAG/USD,LONG,2025-02-03,1.84,6.0,8.0,0.75,3.6,True,False,True,False,,False,,0.75,0.75,0.5,False,0.0,,
XAG/USD,LONG,2025-02-06,-1.01,5.0,8.0,0.625,3.6,True,False,False,False,,False,,0.625,0.625,0.5,False,0.0,,
XAG/USD,LONG,2025-03-04,-0.08,4.75,8.0,0.59375,3.6,True,False,False,False,,False,,0.59375,0.59375,0.5,False,0.0,,
XAG/USD,LONG,2025-03-13,0.01,6.0,8.0,0.75,3.6,True,False,True,False,,False,,0.75,0.75,0.5,False,0.0,,
XAG/USD,LONG,2025-03-27,-0.03,6.0,8.0,0.75,3.6,True,False,True,False,,False,,0.75,0.75,0.5,False,0.0,,
XAG/USD,LONG,2025-04-14,0.46,5.0,8.0,0.625,3.6,True,False,False,False,,False,,0.625,0.625,0.5,False,0.0,,
XAG/USD,LONG,2025-04-22,0.45,4.75,8.0,0.59375,3.6,True,False,False,False,,False,,0.59375,0.59375,0.5,False,0.0,,
XAG/USD,LONG,2025-05-12,-1.02,5.0,8.0,0.625,3.6,True,False,False,False,,False,,0.625,0.625,0.5,False,0.0,,
XAG/USD,LONG,2025-05-13,-1.02,5.0,8.0,0.625,3.6,True,False,False,False,,False,,0.625,0.625,0.5,False,0.0,,
XAG/USD,LONG,2025-05-15,-1.03,5.0,8.0,0.625,3.6,True,False,False,False,,False,,0.625,0.625,0.5,False,0.0,,
XAG/USD,LONG,2025-05-15,1.71,5.0,8.0,0.625,3.6,True,False,False,False,,False,,0.625,0.625,0.5,False,0.0,,
XAG/USD,LONG,2025-05-21,-0.36,5.0,8.0,0.625,3.6,True,False,False,False,,False,,0.625,0.625,0.5,False,0.0,,
XAG/USD,LONG,2025-06-03,1.83,5.0,8.0,0.625,3.6,True,False,False,False,,False,,0.625,0.625,0.5,False,0.0,,
XAG/USD,LONG,2025-06-19,-1.02,7.0,8.0,0.875,3.6,True,True,True,True,,False,,0.875,0.875,0.5,False,0.0,,
XAG/USD,LONG,2025-06-20,-1.02,5.75,8.0,0.71875,3.6,True,False,False,False,,False,,0.71875,0.71875,0.5,False,0.0,,
XAG/USD,LONG,2025-06-30,1.2,6.0,8.0,0.75,3.6,True,False,True,False,,False,,0.75,0.75,0.5,False,0.0,,
XAG/USD,LONG,2025-07-07,1.8,6.0,8.0,0.75,3.6,True,False,True,False,,False,,0.75,0.75,0.5,False,0.0,,
XAG/USD,LONG,2025-07-15,-1.02,6.0,8.0,0.75,3.6,True,False,True,False,,False,,0.75,0.75,0.5,False,0.0,,
XAG/USD,LONG,2025-08-06,0.05,4.75,8.0,0.59375,3.6,True,False,False,False,,False,,0.59375,0.59375,0.5,False,0.0,,
XAG/USD,LONG,2025-08-15,-1.03,5.0,8.0,0.625,3.6,True,False,False,False,,False,,0.625,0.625,0.5,False,0.0,,
XAG/USD,LONG,2025-08-25,-1.03,5.0,8.0,0.625,3.6,True,False,False,False,,False,,0.625,0.625,0.5,False,0.0,,
XAG/USD,LONG,2025-08-26,1.69,5.0,8.0,0.625,3.6,True,False,False,False,,False,,0.625,0.625,0.5,False,0.0,,
XAG/USD,LONG,2025-09-02,0.33,6.0,8.0,0.75,3.6,True,False,True,False,,False,,0.75,0.75,0.5,False,0.0,,
XAG/USD,LONG,2025-09-09,1.81,5.0,8.0,0.625,3.6,True,False,False,False,,False,,0.625,0.625,0.5,False,0.0,,
XAG/USD,LONG,2025-09-17,-1.02,6.0,8.0,0.75,3.6,True,False,True,False,,False,,0.75,0.75,0.5,False,0.0,,
XAG/USD,LONG,2025-09-17,1.81,6.0,8.0,0.75,3.6,True,False,True,False,,False,,0.75,0.75,0.5,False,0.0,,
XAG/USD,LONG,2025-09-24,1.85,6.0,8.0,0.75,3.6,True,False,True,False,,False,,0.75,0.75,0.5,False,0.0,,
XAG/USD,LONG,2025-09-29,0.71,6.0,8.0,0.75,3.6,True,False,True,False,,False,,0.75,0.75,0.5,False,0.0,,
XAG/USD,LONG,2025-10-09,1.9,7.0,8.0,0.875,3.6,True,True,True,True,,False,,0.875,0.875,0.5,False,0.0,,
XAG/USD,LONG,2025-10-14,0.19,6.0,8.0,0.75,3.6,True,False,True,False,,False,,0.75,0.75,0.5,False,0.0,,
XAG/USD,LONG,2025-10-21,-1.01,6.0,8.0,0.75,3.6,True,False,True,False,,False,,0.75,0.75,0.5,False,0.0,,
XAG/USD,LONG,2025-11-03,-1.02,5.75,8.0,0.71875,3.6,True,False,False,False,,False,,0.71875,0.71875,0.5,False,0.0,,
XAG/USD,LONG,2025-11-05,1.54,4.75,8.0,0.59375,3.6,True,False,False,False,,False,,0.59375,0.59375,0.5,False,0.0,,
XAG/USD,LONG,2025-11-10,1.84,6.0,8.0,0.75,3.6,True,False,True,False,,False,,0.75,0.75,0.5,False,0.0,,
XAG/USD,LONG,2025-11-13,-1.02,6.0,8.0,0.75,3.6,True,False,True,False,,False,,0.75,0.75,0.5,False,0.0,,
XAG/USD,LONG,2025-11-14,-1.01,6.0,8.0,0.75,3.6,True,False,True,False,,False,,0.75,0.75,0.5,False,0.0,,
XAG/USD,LONG,2025-11-17,-0.64,4.75,8.0,0.59375,3.6,True,False,False,False,,False,,0.59375,0.59375,0.5,False,0.0,,
XAG/USD,LONG,2025-11-28,1.99,6.0,8.0,0.75,3.6,True,False,True,False,,False,,0.75,0.75,0.5,False,0.0,,
XAG/USD,LONG,2025-12-10,-0.01,6.0,8.0,0.75,3.6,True,False,True,False,,False,,0.75,0.75,0.5,False,0.0,,
XAG/USD,LONG,2025-12-15,1.31,7.0,8.0,0.875,3.6,True,True,True,True,,False,,0.875,0.875,0.5,False,0.0,,
XAG/USD,LONG,2025-12-23,1.99,6.0,8.0,0.75,3.6,True,False,True,False,,False,,0.75,0.75,0.5,False,0.0,,
XAG/USD,LONG,2025-12-26,1.99,7.0,8.0,0.875,3.6,True,True,True,True,,False,,0.875,0.875,0.5,False,0.0,,
XAG/USD,LONG,2026-03-13,-1.01,5.0,8.0,0.625,3.6,True,False,False,False,,False,,0.625,0.625,0.5,False,0.0,,
XAG/USD,LONG,2026-03-16,-1.02,4.75,8.0,0.59375,3.6,True,False,False,False,,False,,0.59375,0.59375,0.5,False,0.0,,
XAG/USD,LONG,2026-04-10,-1.01,5.0,8.0,0.625,3.6,True,False,False,False,,False,,0.625,0.625,0.5,False,0.0,,
XAG/USD,LONG,2026-04-14,0.17,4.0,8.0,0.5,3.6,True,False,False,False,,False,,0.5,0.5,0.5,False,0.0,,
XAG/USD,LONG,2026-04-21,-1.01,5.0,8.0,0.625,3.6,True,False,False,False,,False,,0.625,0.625,0.5,False,0.0,,
XAG/USD,LONG,2026-05-04,-1.01,5.0,8.0,0.625,3.6,True,False,False,False,,False,,0.625,0.625,0.5,False,0.0,,
XAG/USD,LONG,2026-05-06,1.9,5.0,8.0,0.625,3.6,True,False,False,False,,False,,0.625,0.625,0.5,False,0.0,,
XAG/USD,LONG,2026-05-12,-1.01,5.0,8.0,0.625,3.6,True,False,False,False,,False,,0.625,0.625,0.5,False,0.0,,
XAG/USD,LONG,2026-05-15,-1.02,4.75,8.0,0.59375,3.6,True,False,False,False,,False,,0.59375,0.59375,0.5,False,0.0,,
XAG/USD,LONG,2026-05-18,-1.01,4.75,8.0,0.59375,3.6,True,False,False,False,,False,,0.59375,0.59375,0.5,False,0.0,,
ETH/USDT,SHORT,2025-05-31,-1.03,5.8,9.0,0.644444,3.6,True,False,False,False,,False,,0.644444,0.644444,0.5,False,0.0,,
ETH/USDT,SHORT,2025-06-06,-1.03,6.0,9.0,0.666667,3.6,True,False,False,False,,False,,0.666667,0.666667,0.5,False,0.0,,
ETH/USDT,SHORT,2025-06-08,-1.04,5.0,9.0,0.555556,3.6,True,False,False,False,,False,,0.555556,0.555556,0.5,False,0.0,,
ETH/USDT,SHORT,2025-06-10,-1.06,5.75,9.0,0.638889,3.6,True,False,False,False,,False,,0.638889,0.638889,0.5,False,0.0,,
ETH/USDT,SHORT,2025-06-20,1.97,6.0,9.0,0.666667,3.6,True,False,False,False,,False,,0.666667,0.666667,0.5,False,0.0,,
ETH/USDT,SHORT,2025-06-22,-0.03,6.0,9.0,0.666667,3.6,True,False,False,False,,False,,0.666667,0.666667,0.5,False,0.0,,
ETH/USDT,SHORT,2025-06-24,-1.02,6.0,9.0,0.666667,3.6,True,False,False,False,,False,,0.666667,0.666667,0.5,False,0.0,,
ETH/USDT,SHORT,2025-07-09,-1.06,6.75,9.0,0.75,3.6,True,True,True,False,,False,,0.75,0.75,0.5,False,0.0,,
ETH/USDT,SHORT,2025-07-26,-1.03,4.75,9.0,0.527778,3.6,True,False,False,False,,False,,0.527778,0.527778,0.5,False,0.0,,
ETH/USDT,SHORT,2025-07-31,1.75,5.75,9.0,0.638889,3.6,True,False,False,False,,False,,0.638889,0.638889,0.5,False,0.0,,
ETH/USDT,SHORT,2025-08-01,1.97,5.0,9.0,0.555556,3.6,True,False,False,False,,False,,0.555556,0.555556,0.5,False,0.0,,
ETH/USDT,SHORT,2025-08-03,-1.03,4.75,9.0,0.527778,3.6,True,False,False,False,,False,,0.527778,0.527778,0.5,False,0.0,,
ETH/USDT,SHORT,2025-08-05,-1.04,4.75,9.0,0.527778,3.6,True,False,False,False,,False,,0.527778,0.527778,0.5,False,0.0,,
ETH/USDT,SHORT,2025-08-18,-1.03,6.0,9.0,0.666667,3.6,True,False,False,False,,False,,0.666667,0.666667,0.5,False,0.0,,
ETH/USDT,SHORT,2025-08-30,0.33,5.0,9.0,0.555556,3.6,True,False,False,False,,False,,0.555556,0.555556,0.5,False,0.0,,
ETH/USDT,SHORT,2025-09-20,1.68,5.0,9.0,0.555556,3.6,True,False,False,False,,False,,0.555556,0.555556,0.5,False,0.0,,
ETH/USDT,SHORT,2025-09-22,1.74,5.75,9.0,0.638889,3.6,True,False,False,False,,False,,0.638889,0.638889,0.5,False,0.0,,
ETH/USDT,SHORT,2025-09-25,-1.04,7.75,9.0,0.861111,3.6,True,True,True,True,,False,,0.861111,0.861111,0.5,False,0.0,,
ETH/USDT,SHORT,2025-09-27,-1.04,5.75,9.0,0.638889,3.6,True,False,False,False,,False,,0.638889,0.638889,0.5,False,0.0,,
ETH/USDT,SHORT,2025-10-01,-1.06,4.75,9.0,0.527778,3.6,True,False,False,False,,False,,0.527778,0.527778,0.5,False,0.0,,
ETH/USDT,SHORT,2025-10-10,1.52,6.0,9.0,0.666667,3.6,True,False,False,False,,False,,0.666667,0.666667,0.5,False,0.0,,
ETH/USDT,SHORT,2025-10-17,-1.02,5.0,9.0,0.555556,3.6,True,False,False,False,,False,,0.555556,0.555556,0.5,False,0.0,,
ETH/USDT,SHORT,2025-10-20,-1.03,5.0,9.0,0.555556,3.6,True,False,False,False,,False,,0.555556,0.555556,0.5,False,0.0,,
ETH/USDT,SHORT,2025-10-24,-1.05,5.0,9.0,0.555556,3.6,True,False,False,False,,False,,0.555556,0.555556,0.5,False,0.0,,
ETH/USDT,SHORT,2025-10-30,-1.03,6.0,9.0,0.666667,3.6,True,False,False,False,,False,,0.666667,0.666667,0.5,False,0.0,,
ETH/USDT,SHORT,2025-11-01,1.75,5.0,9.0,0.555556,3.6,True,False,False,False,,False,,0.555556,0.555556,0.5,False,0.0,,
ETH/USDT,SHORT,2025-11-03,1.3,6.8,9.0,0.755556,3.6,True,True,True,False,,False,,0.755556,0.755556,0.5,False,0.0,,
ETH/USDT,SHORT,2025-11-05,-1.02,5.0,9.0,0.555556,3.6,True,False,False,False,,False,,0.555556,0.555556,0.5,False,0.0,,
ETH/USDT,SHORT,2025-11-13,-1.03,5.0,9.0,0.555556,3.6,True,False,False,False,,False,,0.555556,0.555556,0.5,False,0.0,,
ETH/USDT,SHORT,2025-11-14,1.98,6.0,9.0,0.666667,3.6,True,False,False,False,,False,,0.666667,0.666667,0.5,False,0.0,,
ETH/USDT,SHORT,2025-11-21,-1.02,7.0,9.0,0.777778,3.6,True,True,True,False,,False,,0.777778,0.777778,0.5,False,0.0,,
ETH/USDT,SHORT,2025-11-25,-1.03,5.0,9.0,0.555556,3.6,True,False,False,False,,False,,0.555556,0.555556,0.5,False,0.0,,
ETH/USDT,SHORT,2025-12-01,-1.04,6.0,9.0,0.666667,3.6,True,False,False,False,,False,,0.666667,0.666667,0.5,False,0.0,,
ETH/USDT,SHORT,2025-12-04,1.62,4.75,9.0,0.527778,3.6,True,False,False,False,,False,,0.527778,0.527778,0.5,False,0.0,,
ETH/USDT,SHORT,2025-12-16,-1.03,6.0,9.0,0.666667,3.6,True,False,False,False,,False,,0.666667,0.666667,0.5,False,0.0,,
ETH/USDT,SHORT,2026-01-06,-1.05,4.75,9.0,0.527778,3.6,True,False,False,False,,False,,0.527778,0.527778,0.5,False,0.0,,
ETH/USDT,SHORT,2026-01-19,1.67,5.8,9.0,0.644444,3.6,True,False,False,False,,False,,0.644444,0.644444,0.5,False,0.0,,
ETH/USDT,SHORT,2026-01-21,-1.04,5.0,9.0,0.555556,3.6,True,False,False,False,,False,,0.555556,0.555556,0.5,False,0.0,,
ETH/USDT,SHORT,2026-01-22,1.29,5.0,9.0,0.555556,3.6,True,False,False,False,,False,,0.555556,0.555556,0.5,False,0.0,,
ETH/USDT,SHORT,2026-01-26,-1.04,6.0,9.0,0.666667,3.6,True,False,False,False,,False,,0.666667,0.666667,0.5,False,0.0,,
ETH/USDT,SHORT,2026-01-26,-1.04,5.0,9.0,0.555556,3.6,True,False,False,False,,False,,0.555556,0.555556,0.5,False,0.0,,
ETH/USDT,SHORT,2026-01-28,1.68,4.75,9.0,0.527778,3.6,True,False,False,False,,False,,0.527778,0.527778,0.5,False,0.0,,
ETH/USDT,SHORT,2026-01-31,1.81,7.0,9.0,0.777778,3.6,True,True,True,False,,False,,0.777778,0.777778,0.5,False,0.0,,
ETH/USDT,SHORT,2026-02-01,1.87,6.0,9.0,0.666667,3.6,True,False,False,False,,False,,0.666667,0.666667,0.5,False,0.0,,
ETH/USDT,SHORT,2026-02-06,0.48,6.0,9.0,0.666667,3.6,True,False,False,False,,False,,0.666667,0.666667,0.5,False,0.0,,
ETH/USDT,SHORT,2026-02-19,1.79,5.0,9.0,0.555556,3.6,True,False,False,False,,False,,0.555556,0.555556,0.5,False,0.0,,
ETH/USDT,SHORT,2026-02-23,-0.04,6.0,9.0,0.666667,3.6,True,False,False,False,,False,,0.666667,0.666667,0.5,False,0.0,,
ETH/USDT,SHORT,2026-03-02,-1.02,5.8,9.0,0.644444,3.6,True,False,False,False,,False,,0.644444,0.644444,0.5,False,0.0,,
ETH/USDT,SHORT,2026-03-03,-1.02,5.0,9.0,0.555556,3.6,True,False,False,False,,False,,0.555556,0.555556,0.5,False,0.0,,
ETH/USDT,SHORT,2026-03-22,-1.03,5.75,9.0,0.638889,3.6,True,False,False,False,,False,,0.638889,0.638889,0.5,False,0.0,,
ETH/USDT,SHORT,2026-03-24,1.8,5.75,9.0,0.638889,3.6,True,False,False,False,,False,,0.638889,0.638889,0.5,False,0.0,,
ETH/USDT,SHORT,2026-03-27,-1.03,6.2,9.0,0.688889,3.6,True,False,False,False,,False,,0.688889,0.688889,0.5,False,0.0,,
ETH/USDT,SHORT,2026-03-29,-1.04,6.8,9.0,0.755556,3.6,True,True,True,False,,False,,0.755556,0.755556,0.5,False,0.0,,
ETH/USDT,SHORT,2026-03-30,-1.06,6.0,9.0,0.666667,3.6,True,False,False,False,,False,,0.666667,0.666667,0.5,False,0.0,,
ETH/USDT,SHORT,2026-04-18,1.74,4.75,9.0,0.527778,3.6,True,False,False,False,,False,,0.527778,0.527778,0.5,False,0.0,,
ETH/USDT,SHORT,2026-04-23,-1.04,5.0,9.0,0.555556,3.6,True,False,False,False,,False,,0.555556,0.555556,0.5,False,0.0,,
ETH/USDT,SHORT,2026-04-27,1.33,6.0,9.0,0.666667,3.6,True,False,False,False,,False,,0.666667,0.666667,0.5,False,0.0,,
ETH/USDT,SHORT,2026-05-03,-1.06,5.55,9.0,0.616667,3.6,True,False,False,False,,False,,0.616667,0.616667,0.5,False,0.0,,
ETH/USDT,SHORT,2026-05-04,1.41,4.75,9.0,0.527778,3.6,True,False,False,False,,False,,0.527778,0.527778,0.5,False,0.0,,
ETH/USDT,SHORT,2026-05-04,-1.05,5.75,9.0,0.638889,3.6,True,False,False,False,,False,,0.638889,0.638889,0.5,False,0.0,,
ETH/USDT,SHORT,2026-05-13,1.63,5.0,9.0,0.555556,3.6,True,False,False,False,,False,,0.555556,0.555556,0.5,False,0.0,,
ETH/USDT,SHORT,2026-05-16,1.66,5.0,9.0,0.555556,3.6,True,False,False,False,,False,,0.555556,0.555556,0.5,False,0.0,,
ETH/USDT,SHORT,2026-05-18,1.68,5.0,9.0,0.555556,3.6,True,False,False,False,,False,,0.555556,0.555556,0.5,False,0.0,,
BTC/USDT,SHORT,2025-05-31,-1.05,5.8,9.0,0.644444,3.6,True,False,False,False,,False,,0.644444,0.644444,0.5,False,0.0,,
BTC/USDT,SHORT,2025-06-02,1.57,5.0,9.0,0.555556,3.6,True,False,False,False,,False,,0.555556,0.555556,0.5,False,0.0,,
BTC/USDT,SHORT,2025-06-07,-1.06,6.0,9.0,0.666667,3.6,True,False,False,False,,False,,0.666667,0.666667,0.5,False,0.0,,
BTC/USDT,SHORT,2025-06-17,1.26,6.2,9.0,0.688889,3.6,True,False,False,False,,False,,0.688889,0.688889,0.5,False,0.0,,
BTC/USDT,SHORT,2025-06-22,-0.87,6.0,9.0,0.666667,3.6,True,False,False,False,,False,,0.666667,0.666667,0.5,False,0.0,,
BTC/USDT,SHORT,2025-06-29,-1.07,5.75,9.0,0.638889,3.6,True,False,False,False,,False,,0.638889,0.638889,0.5,False,0.0,,
BTC/USDT,SHORT,2025-07-03,-1.09,4.75,9.0,0.527778,3.6,True,False,False,False,,False,,0.527778,0.527778,0.5,False,0.0,,
BTC/USDT,SHORT,2025-08-01,-1.06,6.55,9.0,0.727778,3.6,True,True,False,False,,False,,0.727778,0.727778,0.5,False,0.0,,
BTC/USDT,SHORT,2025-08-14,1.61,4.75,9.0,0.527778,3.6,True,False,False,False,,False,,0.527778,0.527778,0.5,False,0.0,,
BTC/USDT,SHORT,2025-08-18,-1.07,4.75,9.0,0.527778,3.6,True,False,False,False,,False,,0.527778,0.527778,0.5,False,0.0,,
BTC/USDT,SHORT,2025-08-19,1.56,6.75,9.0,0.75,3.6,True,True,True,False,,False,,0.75,0.75,0.5,False,0.0,,
BTC/USDT,SHORT,2025-08-21,-1.07,5.75,9.0,0.638889,3.6,True,False,False,False,,False,,0.638889,0.638889,0.5,False,0.0,,
BTC/USDT,SHORT,2025-08-25,1.29,7.0,9.0,0.777778,3.6,True,True,True,False,,False,,0.777778,0.777778,0.5,False,0.0,,
BTC/USDT,SHORT,2025-08-26,-1.05,6.8,9.0,0.755556,3.6,True,True,True,False,,False,,0.755556,0.755556,0.5,False,0.0,,
BTC/USDT,SHORT,2025-08-27,-1.05,5.0,9.0,0.555556,3.6,True,False,False,False,,False,,0.555556,0.555556,0.5,False,0.0,,
BTC/USDT,SHORT,2025-08-29,-1.06,7.0,9.0,0.777778,3.6,True,True,True,False,,False,,0.777778,0.777778,0.5,False,0.0,,
BTC/USDT,SHORT,2025-09-04,-1.08,6.0,9.0,0.666667,3.6,True,False,False,False,,False,,0.666667,0.666667,0.5,False,0.0,,
BTC/USDT,SHORT,2025-09-18,1.52,3.75,9.0,0.416667,3.6,True,False,False,False,,False,,0.416667,0.416667,0.5,False,0.0,,
BTC/USDT,SHORT,2025-09-26,-1.06,6.0,9.0,0.666667,3.6,True,False,False,False,,False,,0.666667,0.666667,0.5,False,0.0,,
BTC/USDT,SHORT,2025-09-29,-1.12,4.75,9.0,0.527778,3.6,True,False,False,False,,False,,0.527778,0.527778,0.5,False,0.0,,
BTC/USDT,SHORT,2025-09-29,-1.08,4.75,9.0,0.527778,3.6,True,False,False,False,,False,,0.527778,0.527778,0.5,False,0.0,,
BTC/USDT,SHORT,2025-10-17,-1.04,6.0,9.0,0.666667,3.6,True,False,False,False,,False,,0.666667,0.666667,0.5,False,0.0,,
BTC/USDT,SHORT,2025-10-20,-1.05,6.0,9.0,0.666667,3.6,True,False,False,False,,False,,0.666667,0.666667,0.5,False,0.0,,
BTC/USDT,SHORT,2025-10-29,1.6,5.0,9.0,0.555556,3.6,True,False,False,False,,False,,0.555556,0.555556,0.5,False,0.0,,
BTC/USDT,SHORT,2025-10-30,-1.05,5.0,9.0,0.555556,3.6,True,False,False,False,,False,,0.555556,0.555556,0.5,False,0.0,,
BTC/USDT,SHORT,2025-11-05,-1.04,7.0,9.0,0.777778,3.6,True,True,True,False,,False,,0.777778,0.777778,0.5,False,0.0,,
BTC/USDT,SHORT,2025-11-06,-1.04,6.0,9.0,0.666667,3.6,True,False,False,False,,False,,0.666667,0.666667,0.5,False,0.0,,
BTC/USDT,SHORT,2025-11-14,1.79,6.0,9.0,0.666667,3.6,True,False,False,False,,False,,0.666667,0.666667,0.5,False,0.0,,
BTC/USDT,SHORT,2025-11-21,-1.03,8.0,9.0,0.888889,3.6,True,True,True,True,,False,,0.888889,0.888889,0.5,False,0.0,,
BTC/USDT,SHORT,2025-12-02,-1.04,6.0,9.0,0.666667,3.6,True,False,False,False,,False,,0.666667,0.666667,0.5,False,0.0,,
BTC/USDT,SHORT,2025-12-03,-0.9,6.0,9.0,0.666667,3.6,True,False,False,False,,False,,0.666667,0.666667,0.5,False,0.0,,
BTC/USDT,SHORT,2025-12-15,1.66,7.0,9.0,0.777778,3.6,True,True,True,False,,False,,0.777778,0.777778,0.5,False,0.0,,
BTC/USDT,SHORT,2025-12-16,-1.05,6.0,9.0,0.666667,3.6,True,False,False,False,,False,,0.666667,0.666667,0.5,False,0.0,,
BTC/USDT,SHORT,2025-12-17,-1.05,6.0,9.0,0.666667,3.6,True,False,False,False,,False,,0.666667,0.666667,0.5,False,0.0,,
BTC/USDT,SHORT,2025-12-18,-1.04,6.0,9.0,0.666667,3.6,True,False,False,False,,False,,0.666667,0.666667,0.5,False,0.0,,
BTC/USDT,SHORT,2026-01-20,1.55,5.0,9.0,0.555556,3.6,True,False,False,False,,False,,0.555556,0.555556,0.5,False,0.0,,
BTC/USDT,SHORT,2026-01-21,-1.06,6.8,9.0,0.755556,3.6,True,True,True,False,,False,,0.755556,0.755556,0.5,False,0.0,,
BTC/USDT,SHORT,2026-01-26,-1.06,5.0,9.0,0.555556,3.6,True,False,False,False,,False,,0.555556,0.555556,0.5,False,0.0,,
BTC/USDT,SHORT,2026-01-27,-1.06,5.0,9.0,0.555556,3.6,True,False,False,False,,False,,0.555556,0.555556,0.5,False,0.0,,
BTC/USDT,SHORT,2026-01-30,1.71,6.0,9.0,0.666667,3.6,True,False,False,False,,False,,0.666667,0.666667,0.5,False,0.0,,
BTC/USDT,SHORT,2026-02-01,1.97,7.0,9.0,0.777778,3.6,True,True,True,False,,False,,0.777778,0.777778,0.5,False,0.0,,
BTC/USDT,SHORT,2026-02-05,1.97,7.0,9.0,0.777778,3.6,True,True,True,False,,False,,0.777778,0.777778,0.5,False,0.0,,
BTC/USDT,SHORT,2026-02-06,-1.02,7.0,9.0,0.777778,3.6,True,True,True,False,,False,,0.777778,0.777778,0.5,False,0.0,,
BTC/USDT,SHORT,2026-02-07,0.17,7.0,9.0,0.777778,3.6,True,True,True,False,,False,,0.777778,0.777778,0.5,False,0.0,,
BTC/USDT,SHORT,2026-02-14,-1.04,4.75,9.0,0.527778,3.6,True,False,False,False,,False,,0.527778,0.527778,0.5,False,0.0,,
BTC/USDT,SHORT,2026-02-23,-1.04,7.0,9.0,0.777778,3.6,True,True,True,False,,False,,0.777778,0.777778,0.5,False,0.0,,
BTC/USDT,SHORT,2026-02-25,1.76,5.0,9.0,0.555556,3.6,True,False,False,False,,False,,0.555556,0.555556,0.5,False,0.0,,
BTC/USDT,SHORT,2026-03-24,1.74,5.0,9.0,0.555556,3.6,True,False,False,False,,False,,0.555556,0.555556,0.5,False,0.0,,
BTC/USDT,SHORT,2026-04-06,-1.1,5.75,9.0,0.638889,3.6,True,False,False,False,,False,,0.638889,0.638889,0.5,False,0.0,,
BTC/USDT,SHORT,2026-04-29,-1.06,7.0,9.0,0.777778,3.6,True,True,True,False,,False,,0.777778,0.777778,0.5,False,0.0,,
BTC/USDT,SHORT,2026-05-01,-1.09,5.0,9.0,0.555556,3.6,True,False,False,False,,False,,0.555556,0.555556,0.5,False,0.0,,
BTC/USDT,SHORT,2026-05-04,1.88,5.75,9.0,0.638889,3.6,True,False,False,False,,False,,0.638889,0.638889,0.5,False,0.0,,
BTC/USDT,SHORT,2026-05-14,-1.06,5.75,9.0,0.638889,3.6,True,False,False,False,,False,,0.638889,0.638889,0.5,False,0.0,,
BTC/USDT,SHORT,2026-05-15,1.61,4.75,9.0,0.527778,3.6,True,False,False,False,,False,,0.527778,0.527778,0.5,False,0.0,,
BTC/USDT,SHORT,2026-05-16,1.6,4.75,9.0,0.527778,3.6,True,False,False,False,,False,,0.527778,0.527778,0.5,False,0.0,,
BTC/USDT,SHORT,2026-05-23,-1.07,5.0,9.0,0.555556,3.6,True,False,False,False,,False,,0.555556,0.555556,0.5,False,0.0,,
BTC/USDT,SHORT,2026-05-24,-1.06,5.0,9.0,0.555556,3.6,True,False,False,False,,False,,0.555556,0.555556,0.5,False,0.0,,
BTC/USDT,SHORT,2026-05-28,-0.59,7.0,9.0,0.777778,3.6,True,True,True,False,,False,,0.777778,0.777778,0.5,False,0.0,,
BTC/USDT,LONG,2025-06-06,1.41,6.0,9.0,0.666667,3.6,True,False,False,False,,False,,0.666667,0.666667,0.5,False,0.0,,
BTC/USDT,LONG,2025-06-09,-1.07,7.0,9.0,0.777778,3.6,True,True,True,False,,False,,0.777778,0.777778,0.5,False,0.0,,
BTC/USDT,LONG,2025-06-13,1.63,4.75,9.0,0.527778,3.6,True,False,False,False,,False,,0.527778,0.527778,0.5,False,0.0,,
BTC/USDT,LONG,2025-06-18,-1.06,5.0,9.0,0.555556,3.6,True,False,False,False,,False,,0.555556,0.555556,0.5,False,0.0,,
BTC/USDT,LONG,2025-06-21,-1.06,5.0,9.0,0.555556,3.6,True,False,False,False,,False,,0.555556,0.555556,0.5,False,0.0,,
BTC/USDT,LONG,2025-07-03,0.16,5.2,9.0,0.577778,3.6,True,False,False,False,,False,,0.577778,0.577778,0.5,False,0.0,,
BTC/USDT,LONG,2025-07-10,0.57,7.0,9.0,0.777778,3.6,True,True,True,False,,False,,0.777778,0.777778,0.5,False,0.0,,
BTC/USDT,LONG,2025-07-18,-1.05,7.8,9.0,0.866667,3.6,True,True,True,True,,False,,0.866667,0.866667,0.5,False,0.0,,
BTC/USDT,LONG,2025-07-19,-1.05,5.0,9.0,0.555556,3.6,True,False,False,False,,False,,0.555556,0.555556,0.5,False,0.0,,
BTC/USDT,LONG,2025-07-25,-0.62,6.0,9.0,0.666667,3.6,True,False,False,False,,False,,0.666667,0.666667,0.5,False,0.0,,
BTC/USDT,LONG,2025-08-08,1.53,6.0,9.0,0.666667,3.6,True,False,False,False,,False,,0.666667,0.666667,0.5,False,0.0,,
BTC/USDT,LONG,2025-08-11,-1.06,7.8,9.0,0.866667,3.6,True,True,True,True,,False,,0.866667,0.866667,0.5,False,0.0,,
BTC/USDT,LONG,2025-08-12,1.59,7.2,9.0,0.8,3.6,True,True,True,True,,False,,0.8,0.8,0.5,False,0.0,,
BTC/USDT,LONG,2025-08-14,-1.06,5.0,9.0,0.555556,3.6,True,False,False,False,,False,,0.555556,0.555556,0.5,False,0.0,,
BTC/USDT,LONG,2025-08-23,-1.06,5.0,9.0,0.555556,3.6,True,False,False,False,,False,,0.555556,0.555556,0.5,False,0.0,,
BTC/USDT,LONG,2025-09-06,1.65,4.75,9.0,0.527778,3.6,True,False,False,False,,False,,0.527778,0.527778,0.5,False,0.0,,
BTC/USDT,LONG,2025-09-12,1.47,5.0,9.0,0.555556,3.6,True,False,False,False,,False,,0.555556,0.555556,0.5,False,0.0,,
BTC/USDT,LONG,2025-09-22,-1.09,4.75,9.0,0.527778,3.6,True,False,False,False,,False,,0.527778,0.527778,0.5,False,0.0,,
BTC/USDT,LONG,2025-09-24,-1.07,4.75,9.0,0.527778,3.6,True,False,False,False,,False,,0.527778,0.527778,0.5,False,0.0,,
BTC/USDT,LONG,2025-09-25,-1.16,4.75,9.0,0.527778,3.6,True,False,False,False,,False,,0.527778,0.527778,0.5,False,0.0,,
BTC/USDT,LONG,2025-09-26,-1.14,4.75,9.0,0.527778,3.6,True,False,False,False,,False,,0.527778,0.527778,0.5,False,0.0,,
BTC/USDT,LONG,2025-10-01,1.54,7.0,9.0,0.777778,3.6,True,True,True,False,,False,,0.777778,0.777778,0.5,False,0.0,,
BTC/USDT,LONG,2025-10-03,1.52,6.8,9.0,0.755556,3.6,True,True,True,False,,False,,0.755556,0.755556,0.5,False,0.0,,
BTC/USDT,LONG,2025-10-04,1.56,6.0,9.0,0.666667,3.6,True,False,False,False,,False,,0.666667,0.666667,0.5,False,0.0,,
BTC/USDT,LONG,2025-10-06,-1.04,6.0,9.0,0.666667,3.6,True,False,False,False,,False,,0.666667,0.666667,0.5,False,0.0,,
BTC/USDT,LONG,2025-10-08,-1.06,6.0,9.0,0.666667,3.6,True,False,False,False,,False,,0.666667,0.666667,0.5,False,0.0,,
BTC/USDT,LONG,2025-10-10,-1.05,4.0,9.0,0.444444,3.6,True,False,False,False,,False,,0.444444,0.444444,0.5,False,0.0,,
BTC/USDT,LONG,2025-10-11,-1.03,5.0,9.0,0.555556,3.6,True,False,False,False,,False,,0.555556,0.555556,0.5,False,0.0,,
BTC/USDT,LONG,2025-10-22,1.74,5.8,9.0,0.644444,3.6,True,False,False,False,,False,,0.644444,0.644444,0.5,False,0.0,,
BTC/USDT,LONG,2025-10-27,-1.06,5.75,9.0,0.638889,3.6,True,False,False,False,,False,,0.638889,0.638889,0.5,False,0.0,,
BTC/USDT,LONG,2025-10-30,-1.04,4.75,9.0,0.527778,3.6,True,False,False,False,,False,,0.527778,0.527778,0.5,False,0.0,,
BTC/USDT,LONG,2025-11-04,-1.05,5.75,9.0,0.638889,3.6,True,False,False,False,,False,,0.638889,0.638889,0.5,False,0.0,,
BTC/USDT,LONG,2025-11-04,-1.09,4.75,9.0,0.527778,3.6,True,False,False,False,,False,,0.527778,0.527778,0.5,False,0.0,,
BTC/USDT,LONG,2025-11-10,-1.05,5.75,9.0,0.638889,3.6,True,False,False,False,,False,,0.638889,0.638889,0.5,False,0.0,,
BTC/USDT,LONG,2025-11-11,-1.05,4.75,9.0,0.527778,3.6,True,False,False,False,,False,,0.527778,0.527778,0.5,False,0.0,,
BTC/USDT,LONG,2025-11-13,-1.05,4.75,9.0,0.527778,3.6,True,False,False,False,,False,,0.527778,0.527778,0.5,False,0.0,,
BTC/USDT,LONG,2025-11-26,-1.04,6.0,9.0,0.666667,3.6,True,False,False,False,,False,,0.666667,0.666667,0.5,False,0.0,,
BTC/USDT,LONG,2025-12-01,-1.04,4.75,9.0,0.527778,3.6,True,False,False,False,,False,,0.527778,0.527778,0.5,False,0.0,,
BTC/USDT,LONG,2025-12-10,-1.02,6.0,9.0,0.666667,3.6,True,False,False,False,,False,,0.666667,0.666667,0.5,False,0.0,,
BTC/USDT,LONG,2025-12-18,1.75,6.0,9.0,0.666667,3.6,True,False,False,False,,False,,0.666667,0.666667,0.5,False,0.0,,
BTC/USDT,LONG,2025-12-22,-1.05,5.0,9.0,0.555556,3.6,True,False,False,False,,False,,0.555556,0.555556,0.5,False,0.0,,
BTC/USDT,LONG,2025-12-24,0.52,5.8,9.0,0.644444,3.6,True,False,False,False,,False,,0.644444,0.644444,0.5,False,0.0,,
BTC/USDT,LONG,2026-01-02,1.5,7.0,9.0,0.777778,3.6,True,True,True,False,,False,,0.777778,0.777778,0.5,False,0.0,,
BTC/USDT,LONG,2026-01-04,1.49,6.0,9.0,0.666667,3.6,True,False,False,False,,False,,0.666667,0.666667,0.5,False,0.0,,
BTC/USDT,LONG,2026-01-06,-1.07,6.0,9.0,0.666667,3.6,True,False,False,False,,False,,0.666667,0.666667,0.5,False,0.0,,
BTC/USDT,LONG,2026-01-07,0.14,6.0,9.0,0.666667,3.6,True,False,False,False,,False,,0.666667,0.666667,0.5,False,0.0,,
BTC/USDT,LONG,2026-01-14,-0.06,6.75,9.0,0.75,3.6,True,True,True,False,,False,,0.75,0.75,0.5,False,0.0,,
BTC/USDT,LONG,2026-01-16,-1.06,5.75,9.0,0.638889,3.6,True,False,False,False,,False,,0.638889,0.638889,0.5,False,0.0,,
BTC/USDT,LONG,2026-01-19,-1.1,5.75,9.0,0.638889,3.6,True,False,False,False,,False,,0.638889,0.638889,0.5,False,0.0,,
BTC/USDT,LONG,2026-01-24,-1.05,5.75,9.0,0.638889,3.6,True,False,False,False,,False,,0.638889,0.638889,0.5,False,0.0,,
BTC/USDT,LONG,2026-01-28,-1.06,4.75,9.0,0.527778,3.6,True,False,False,False,,False,,0.527778,0.527778,0.5,False,0.0,,
BTC/USDT,LONG,2026-02-17,-1.04,4.75,9.0,0.527778,3.6,True,False,False,False,,False,,0.527778,0.527778,0.5,False,0.0,,
BTC/USDT,LONG,2026-02-19,-1.05,5.0,9.0,0.555556,3.6,True,False,False,False,,False,,0.555556,0.555556,0.5,False,0.0,,
BTC/USDT,LONG,2026-02-28,1.78,5.0,9.0,0.555556,3.6,True,False,False,False,,False,,0.555556,0.555556,0.5,False,0.0,,
BTC/USDT,LONG,2026-03-03,1.78,5.0,9.0,0.555556,3.6,True,False,False,False,,False,,0.555556,0.555556,0.5,False,0.0,,
BTC/USDT,LONG,2026-03-05,-1.03,5.0,9.0,0.555556,3.6,True,False,False,False,,False,,0.555556,0.555556,0.5,False,0.0,,
BTC/USDT,LONG,2026-03-06,-1.03,6.0,9.0,0.666667,3.6,True,False,False,False,,False,,0.666667,0.666667,0.5,False,0.0,,
BTC/USDT,LONG,2026-03-10,1.74,6.0,9.0,0.666667,3.6,True,False,False,False,,False,,0.666667,0.666667,0.5,False,0.0,,
BTC/USDT,LONG,2026-03-16,-1.05,5.0,9.0,0.555556,3.6,True,False,False,False,,False,,0.555556,0.555556,0.5,False,0.0,,
BTC/USDT,LONG,2026-03-18,-1.04,6.0,9.0,0.666667,3.6,True,False,False,False,,False,,0.666667,0.666667,0.5,False,0.0,,
BTC/USDT,LONG,2026-03-20,-1.06,6.75,9.0,0.75,3.6,True,True,True,False,,False,,0.75,0.75,0.5,False,0.0,,
BTC/USDT,LONG,2026-03-22,1.69,5.75,9.0,0.638889,3.6,True,False,False,False,,False,,0.638889,0.638889,0.5,False,0.0,,
BTC/USDT,LONG,2026-03-27,0.26,4.75,9.0,0.527778,3.6,True,False,False,False,,False,,0.527778,0.527778,0.5,False,0.0,,
BTC/USDT,LONG,2026-04-05,1.56,5.75,9.0,0.638889,3.6,True,False,False,False,,False,,0.638889,0.638889,0.5,False,0.0,,
BTC/USDT,LONG,2026-04-07,1.71,6.0,9.0,0.666667,3.6,True,False,False,False,,False,,0.666667,0.666667,0.5,False,0.0,,
BTC/USDT,LONG,2026-04-14,1.65,5.0,9.0,0.555556,3.6,True,False,False,False,,False,,0.555556,0.555556,0.5,False,0.0,,
BTC/USDT,LONG,2026-04-18,-1.05,6.0,9.0,0.666667,3.6,True,False,False,False,,False,,0.666667,0.666667,0.5,False,0.0,,
BTC/USDT,LONG,2026-04-20,1.37,5.0,9.0,0.555556,3.6,True,False,False,False,,False,,0.555556,0.555556,0.5,False,0.0,,
BTC/USDT,LONG,2026-04-22,-0.39,8.0,9.0,0.888889,3.6,True,True,True,True,,False,,0.888889,0.888889,0.5,False,0.0,,
BTC/USDT,LONG,2026-05-04,0.22,8.0,9.0,0.888889,3.6,True,True,True,True,,False,,0.888889,0.888889,0.5,False,0.0,,
BTC/USDT,LONG,2026-05-12,-1.07,5.0,9.0,0.555556,3.6,True,False,False,False,,False,,0.555556,0.555556,0.5,False,0.0,,
BTC/USDT,LONG,2026-05-27,-1.06,5.75,9.0,0.638889,3.6,True,False,False,False,,False,,0.638889,0.638889,0.5,False,0.0,,
GBP/USD,SHORT,2025-01-02,0.18,4.0,8.0,0.5,3.6,True,False,False,False,,False,,0.5,0.5,0.5,False,0.0,,
GBP/USD,SHORT,2025-01-10,1.92,5.0,8.0,0.625,3.6,True,False,False,False,,False,,0.625,0.625,0.5,False,0.0,,
GBP/USD,SHORT,2025-01-13,-1.07,6.0,8.0,0.75,3.6,True,False,True,False,,False,,0.75,0.75,0.5,False,0.0,,
GBP/USD,SHORT,2025-01-14,-1.07,6.0,8.0,0.75,3.6,True,False,True,False,,False,,0.75,0.75,0.5,False,0.0,,
GBP/USD,SHORT,2025-01-21,-1.09,6.0,8.0,0.75,3.6,True,False,True,False,,False,,0.75,0.75,0.5,False,0.0,,
GBP/USD,SHORT,2025-02-03,-1.07,5.0,8.0,0.625,3.6,True,False,False,False,,False,,0.625,0.625,0.5,False,0.0,,
GBP/USD,SHORT,2025-02-04,-1.06,6.0,8.0,0.75,3.6,True,False,True,False,,False,,0.75,0.75,0.5,False,0.0,,
GBP/USD,SHORT,2025-02-05,1.8,5.75,8.0,0.71875,3.6,True,False,False,False,,False,,0.71875,0.71875,0.5,False,0.0,,
GBP/USD,SHORT,2025-02-12,-1.09,5.0,8.0,0.625,3.6,True,False,False,False,,False,,0.625,0.625,0.5,False,0.0,,
GBP/USD,SHORT,2025-02-13,-1.08,6.0,8.0,0.75,3.6,True,False,True,False,,False,,0.75,0.75,0.5,False,0.0,,
GBP/USD,SHORT,2025-02-24,-1.1,3.75,8.0,0.46875,3.6,True,False,False,False,,False,,0.46875,0.46875,0.5,False,0.0,,
GBP/USD,SHORT,2025-02-27,-1.1,4.75,8.0,0.59375,3.6,True,False,False,False,,False,,0.59375,0.59375,0.5,False,0.0,,
GBP/USD,SHORT,2025-03-19,1.77,4.75,8.0,0.59375,3.6,True,False,False,False,,False,,0.59375,0.59375,0.5,False,0.0,,
GBP/USD,SHORT,2025-03-24,-1.11,4.75,8.0,0.59375,3.6,True,False,False,False,,False,,0.59375,0.59375,0.5,False,0.0,,
GBP/USD,SHORT,2025-04-08,-1.05,3.75,8.0,0.46875,3.6,True,False,False,False,,False,,0.46875,0.46875,0.5,False,0.0,,
GBP/USD,SHORT,2025-04-09,-1.05,4.75,8.0,0.59375,3.6,True,False,False,False,,False,,0.59375,0.59375,0.5,False,0.0,,
GBP/USD,SHORT,2025-05-12,-0.72,5.0,8.0,0.625,3.6,True,False,False,False,,False,,0.625,0.625,0.5,False,0.0,,
GBP/USD,SHORT,2025-06-16,1.87,6.0,8.0,0.75,3.6,True,False,True,False,,False,,0.75,0.75,0.5,False,0.0,,
GBP/USD,SHORT,2025-06-18,-1.09,5.75,8.0,0.71875,3.6,True,False,False,False,,False,,0.71875,0.71875,0.5,False,0.0,,
GBP/USD,SHORT,2025-07-09,1.83,5.0,8.0,0.625,3.6,True,False,False,False,,False,,0.625,0.625,0.5,False,0.0,,
GBP/USD,SHORT,2025-07-14,1.81,6.75,8.0,0.84375,3.6,True,True,True,True,,False,,0.84375,0.84375,0.5,False,0.0,,
GBP/USD,SHORT,2025-07-17,-1.1,6.75,8.0,0.84375,3.6,True,True,True,True,,False,,0.84375,0.84375,0.5,False,0.0,,
GBP/USD,SHORT,2025-07-29,-1.11,5.0,8.0,0.625,3.6,True,False,False,False,,False,,0.625,0.625,0.5,False,0.0,,
GBP/USD,SHORT,2025-07-30,-1.09,6.0,8.0,0.75,3.6,True,False,True,False,,False,,0.75,0.75,0.5,False,0.0,,
GBP/USD,SHORT,2025-08-04,-1.07,7.0,8.0,0.875,3.6,True,True,True,True,,False,,0.875,0.875,0.5,False,0.0,,
GBP/USD,SHORT,2025-08-07,-1.15,4.75,8.0,0.59375,3.6,True,False,False,False,,False,,0.59375,0.59375,0.5,False,0.0,,
GBP/USD,SHORT,2025-08-08,-1.1,4.75,8.0,0.59375,3.6,True,False,False,False,,False,,0.59375,0.59375,0.5,False,0.0,,
GBP/USD,SHORT,2025-08-22,-1.13,4.75,8.0,0.59375,3.6,True,False,False,False,,False,,0.59375,0.59375,0.5,False,0.0,,
GBP/USD,SHORT,2025-08-25,-0.52,5.0,8.0,0.625,3.6,True,False,False,False,,False,,0.625,0.625,0.5,False,0.0,,
GBP/USD,SHORT,2025-09-11,-1.12,4.75,8.0,0.59375,3.6,True,False,False,False,,False,,0.59375,0.59375,0.5,False,0.0,,
GBP/USD,SHORT,2025-09-12,-1.12,4.75,8.0,0.59375,3.6,True,False,False,False,,False,,0.59375,0.59375,0.5,False,0.0,,
GBP/USD,SHORT,2025-09-19,1.83,4.75,8.0,0.59375,3.6,True,False,False,False,,False,,0.59375,0.59375,0.5,False,0.0,,
GBP/USD,SHORT,2025-09-26,-1.11,5.0,8.0,0.625,3.6,True,False,False,False,,False,,0.625,0.625,0.5,False,0.0,,
GBP/USD,SHORT,2025-09-29,-1.12,5.0,8.0,0.625,3.6,True,False,False,False,,False,,0.625,0.625,0.5,False,0.0,,
GBP/USD,SHORT,2025-10-02,1.82,5.0,8.0,0.625,3.6,True,False,False,False,,False,,0.625,0.625,0.5,False,0.0,,
GBP/USD,SHORT,2025-10-09,1.8,6.0,8.0,0.75,3.6,True,False,True,False,,False,,0.75,0.75,0.5,False,0.0,,
GBP/USD,SHORT,2025-10-10,-1.1,5.0,8.0,0.625,3.6,True,False,False,False,,False,,0.625,0.625,0.5,False,0.0,,
GBP/USD,SHORT,2025-10-13,-1.09,5.0,8.0,0.625,3.6,True,False,False,False,,False,,0.625,0.625,0.5,False,0.0,,
GBP/USD,SHORT,2025-10-16,-1.14,4.75,8.0,0.59375,3.6,True,False,False,False,,False,,0.59375,0.59375,0.5,False,0.0,,
GBP/USD,SHORT,2025-10-17,1.74,4.75,8.0,0.59375,3.6,True,False,False,False,,False,,0.59375,0.59375,0.5,False,0.0,,
GBP/USD,SHORT,2025-10-24,-1.12,6.0,8.0,0.75,3.6,True,False,True,False,,False,,0.75,0.75,0.5,False,0.0,,
GBP/USD,SHORT,2025-10-27,-1.11,5.0,8.0,0.625,3.6,True,False,False,False,,False,,0.625,0.625,0.5,False,0.0,,
GBP/USD,SHORT,2025-10-29,1.8,6.0,8.0,0.75,3.6,True,False,True,False,,False,,0.75,0.75,0.5,False,0.0,,
GBP/USD,SHORT,2025-10-31,1.91,6.75,8.0,0.84375,3.6,True,True,True,True,,False,,0.84375,0.84375,0.5,False,0.0,,
GBP/USD,SHORT,2025-11-05,-1.11,4.75,8.0,0.59375,3.6,True,False,False,False,,False,,0.59375,0.59375,0.5,False,0.0,,
GBP/USD,SHORT,2025-11-07,-1.11,6.75,8.0,0.84375,3.6,True,True,True,True,,False,,0.84375,0.84375,0.5,False,0.0,,
GBP/USD,SHORT,2025-11-13,-1.11,5.75,8.0,0.71875,3.6,True,False,False,False,,False,,0.71875,0.71875,0.5,False,0.0,,
GBP/USD,SHORT,2025-11-13,1.76,4.75,8.0,0.59375,3.6,True,False,False,False,,False,,0.59375,0.59375,0.5,False,0.0,,
GBP/USD,SHORT,2025-12-11,-1.18,4.75,8.0,0.59375,3.6,True,False,False,False,,False,,0.59375,0.59375,0.5,False,0.0,,
GBP/USD,SHORT,2025-12-18,-1.11,4.75,8.0,0.59375,3.6,True,False,False,False,,False,,0.59375,0.59375,0.5,False,0.0,,
GBP/USD,SHORT,2026-01-02,-1.12,4.75,8.0,0.59375,3.6,True,False,False,False,,False,,0.59375,0.59375,0.5,False,0.0,,
GBP/USD,SHORT,2026-01-16,-1.13,5.0,8.0,0.625,3.6,True,False,False,False,,False,,0.625,0.625,0.5,False,0.0,,
GBP/USD,SHORT,2026-01-20,-1.19,5.0,8.0,0.625,3.6,True,False,False,False,,False,,0.625,0.625,0.5,False,0.0,,
GBP/USD,SHORT,2026-01-20,-1.17,5.0,8.0,0.625,3.6,True,False,False,False,,False,,0.625,0.625,0.5,False,0.0,,
GBP/USD,SHORT,2026-01-30,1.7,6.0,8.0,0.75,3.6,True,False,True,False,,False,,0.75,0.75,0.5,False,0.0,,
GBP/USD,SHORT,2026-02-03,1.85,4.75,8.0,0.59375,3.6,True,False,False,False,,False,,0.59375,0.59375,0.5,False,0.0,,
GBP/USD,SHORT,2026-02-05,-1.08,5.0,8.0,0.625,3.6,True,False,False,False,,False,,0.625,0.625,0.5,False,0.0,,
GBP/USD,SHORT,2026-02-09,-1.09,4.75,8.0,0.59375,3.6,True,False,False,False,,False,,0.59375,0.59375,0.5,False,0.0,,
GBP/USD,SHORT,2026-02-10,1.84,4.75,8.0,0.59375,3.6,True,False,False,False,,False,,0.59375,0.59375,0.5,False,0.0,,
GBP/USD,SHORT,2026-02-20,-1.11,5.0,8.0,0.625,3.6,True,False,False,False,,False,,0.625,0.625,0.5,False,0.0,,
GBP/USD,SHORT,2026-02-23,-1.1,5.0,8.0,0.625,3.6,True,False,False,False,,False,,0.625,0.625,0.5,False,0.0,,
GBP/USD,SHORT,2026-02-27,1.85,5.0,8.0,0.625,3.6,True,False,False,False,,False,,0.625,0.625,0.5,False,0.0,,
GBP/USD,SHORT,2026-03-03,-1.08,5.0,8.0,0.625,3.6,True,False,False,False,,False,,0.625,0.625,0.5,False,0.0,,
GBP/USD,SHORT,2026-03-13,-1.08,7.0,8.0,0.875,3.6,True,True,True,True,,False,,0.875,0.875,0.5,False,0.0,,
GBP/USD,SHORT,2026-03-30,-1.08,5.75,8.0,0.71875,3.6,True,False,False,False,,False,,0.71875,0.71875,0.5,False,0.0,,
GBP/USD,SHORT,2026-04-02,-1.07,5.75,8.0,0.71875,3.6,True,False,False,False,,False,,0.71875,0.71875,0.5,False,0.0,,
GBP/USD,SHORT,2026-04-07,-1.1,4.75,8.0,0.59375,3.6,True,False,False,False,,False,,0.59375,0.59375,0.5,False,0.0,,
GBP/USD,SHORT,2026-04-08,-1.12,4.75,8.0,0.59375,3.6,True,False,False,False,,False,,0.59375,0.59375,0.5,False,0.0,,
GBP/USD,SHORT,2026-04-27,-1.16,4.75,8.0,0.59375,3.6,True,False,False,False,,False,,0.59375,0.59375,0.5,False,0.0,,
GBP/USD,SHORT,2026-05-12,1.82,4.0,8.0,0.5,3.6,True,False,False,False,,False,,0.5,0.5,0.5,False,0.0,,
GBP/USD,SHORT,2026-05-15,-1.1,4.75,8.0,0.59375,3.6,True,False,False,False,,False,,0.59375,0.59375,0.5,False,0.0,,
GBP/USD,SHORT,2026-05-19,-1.09,4.75,8.0,0.59375,3.6,True,False,False,False,,False,,0.59375,0.59375,0.5,False,0.0,,
GBP/USD,SHORT,2026-05-21,-1.11,4.75,8.0,0.59375,3.6,True,False,False,False,,False,,0.59375,0.59375,0.5,False,0.0,,
EUR/USD,SHORT,2024-12-31,0.29,6.0,8.0,0.75,3.6,True,False,True,False,,False,,0.75,0.75,0.5,False,0.0,,
EUR/USD,SHORT,2025-01-13,-1.08,6.0,8.0,0.75,3.6,True,False,True,False,,False,,0.75,0.75,0.5,False,0.0,,
EUR/USD,SHORT,2025-01-14,-1.08,6.0,8.0,0.75,3.6,True,False,True,False,,False,,0.75,0.75,0.5,False,0.0,,
EUR/USD,SHORT,2025-01-15,-1.09,5.75,8.0,0.71875,3.6,True,False,False,False,,False,,0.71875,0.71875,0.5,False,0.0,,
EUR/USD,SHORT,2025-01-16,-1.08,4.75,8.0,0.59375,3.6,True,False,False,False,,False,,0.59375,0.59375,0.5,False,0.0,,
EUR/USD,SHORT,2025-02-03,-0.41,5.0,8.0,0.625,3.6,True,False,False,False,,False,,0.625,0.625,0.5,False,0.0,,
EUR/USD,SHORT,2025-02-11,-1.1,5.0,8.0,0.625,3.6,True,False,False,False,,False,,0.625,0.625,0.5,False,0.0,,
EUR/USD,SHORT,2025-02-12,1.23,5.0,8.0,0.625,3.6,True,False,False,False,,False,,0.625,0.625,0.5,False,0.0,,
EUR/USD,SHORT,2025-02-13,-1.12,5.0,8.0,0.625,3.6,True,False,False,False,,False,,0.625,0.625,0.5,False,0.0,,
EUR/USD,SHORT,2025-03-03,-1.1,4.75,8.0,0.59375,3.6,True,False,False,False,,False,,0.59375,0.59375,0.5,False,0.0,,
EUR/USD,SHORT,2025-03-25,-0.11,5.0,8.0,0.625,3.6,True,False,False,False,,False,,0.625,0.625,0.5,False,0.0,,
EUR/USD,SHORT,2025-04-09,-1.05,5.0,8.0,0.625,3.6,True,False,False,False,,False,,0.625,0.625,0.5,False,0.0,,
EUR/USD,SHORT,2025-05-05,1.26,4.75,8.0,0.59375,3.6,True,False,False,False,,False,,0.59375,0.59375,0.5,False,0.0,,
EUR/USD,SHORT,2025-05-12,-1.06,5.0,8.0,0.625,3.6,True,False,False,False,,False,,0.625,0.625,0.5,False,0.0,,
EUR/USD,SHORT,2025-05-14,-1.07,5.0,8.0,0.625,3.6,True,False,False,False,,False,,0.625,0.625,0.5,False,0.0,,
EUR/USD,SHORT,2025-05-30,-1.08,5.0,8.0,0.625,3.6,True,False,False,False,,False,,0.625,0.625,0.5,False,0.0,,
EUR/USD,SHORT,2025-07-11,0.45,4.75,8.0,0.59375,3.6,True,False,False,False,,False,,0.59375,0.59375,0.5,False,0.0,,
EUR/USD,SHORT,2025-07-21,-1.1,4.75,8.0,0.59375,3.6,True,False,False,False,,False,,0.59375,0.59375,0.5,False,0.0,,
EUR/USD,SHORT,2025-07-22,-1.11,4.75,8.0,0.59375,3.6,True,False,False,False,,False,,0.59375,0.59375,0.5,False,0.0,,
EUR/USD,SHORT,2025-07-28,1.84,5.0,8.0,0.625,3.6,True,False,False,False,,False,,0.625,0.625,0.5,False,0.0,,
EUR/USD,SHORT,2025-08-04,-1.07,5.75,8.0,0.71875,3.6,True,False,False,False,,False,,0.71875,0.71875,0.5,False,0.0,,
EUR/USD,SHORT,2025-08-20,-1.12,6.0,8.0,0.75,3.6,True,False,True,False,,False,,0.75,0.75,0.5,False,0.0,,
EUR/USD,SHORT,2025-09-04,-1.11,5.0,8.0,0.625,3.6,True,False,False,False,,False,,0.625,0.625,0.5,False,0.0,,
EUR/USD,SHORT,2025-09-24,1.81,5.0,8.0,0.625,3.6,True,False,False,False,,False,,0.625,0.625,0.5,False,0.0,,
EUR/USD,SHORT,2025-09-26,-1.12,5.0,8.0,0.625,3.6,True,False,False,False,,False,,0.625,0.625,0.5,False,0.0,,
EUR/USD,SHORT,2025-09-29,-1.12,5.0,8.0,0.625,3.6,True,False,False,False,,False,,0.625,0.625,0.5,False,0.0,,
EUR/USD,SHORT,2025-09-30,1.78,4.75,8.0,0.59375,3.6,True,False,False,False,,False,,0.59375,0.59375,0.5,False,0.0,,
EUR/USD,SHORT,2025-10-06,1.82,5.0,8.0,0.625,3.6,True,False,False,False,,False,,0.625,0.625,0.5,False,0.0,,
EUR/USD,SHORT,2025-10-08,1.82,5.0,8.0,0.625,3.6,True,False,False,False,,False,,0.625,0.625,0.5,False,0.0,,
EUR/USD,SHORT,2025-10-10,-1.1,4.75,8.0,0.59375,3.6,True,False,False,False,,False,,0.59375,0.59375,0.5,False,0.0,,
EUR/USD,SHORT,2025-10-13,-1.1,5.0,8.0,0.625,3.6,True,False,False,False,,False,,0.625,0.625,0.5,False,0.0,,
EUR/USD,SHORT,2025-10-16,-1.11,4.75,8.0,0.59375,3.6,True,False,False,False,,False,,0.59375,0.59375,0.5,False,0.0,,
EUR/USD,SHORT,2025-10-17,1.8,4.75,8.0,0.59375,3.6,True,False,False,False,,False,,0.59375,0.59375,0.5,False,0.0,,
EUR/USD,SHORT,2025-10-30,1.81,5.0,8.0,0.625,3.6,True,False,False,False,,False,,0.625,0.625,0.5,False,0.0,,
EUR/USD,SHORT,2025-11-03,-1.12,6.0,8.0,0.75,3.6,True,False,True,False,,False,,0.75,0.75,0.5,False,0.0,,
EUR/USD,SHORT,2025-11-07,-1.22,5.75,8.0,0.71875,3.6,True,False,False,False,,False,,0.71875,0.71875,0.5,False,0.0,,
EUR/USD,SHORT,2025-11-10,-1.14,4.75,8.0,0.59375,3.6,True,False,False,False,,False,,0.59375,0.59375,0.5,False,0.0,,
EUR/USD,SHORT,2025-11-24,-1.13,5.0,8.0,0.625,3.6,True,False,False,False,,False,,0.625,0.625,0.5,False,0.0,,
EUR/USD,SHORT,2026-01-02,1.68,4.75,8.0,0.59375,3.6,True,False,False,False,,False,,0.59375,0.59375,0.5,False,0.0,,
EUR/USD,SHORT,2026-01-09,-1.15,5.0,8.0,0.625,3.6,True,False,False,False,,False,,0.625,0.625,0.5,False,0.0,,
EUR/USD,SHORT,2026-01-12,1.76,5.0,8.0,0.625,3.6,True,False,False,False,,False,,0.625,0.625,0.5,False,0.0,,
EUR/USD,SHORT,2026-01-16,-1.17,5.0,8.0,0.625,3.6,True,False,False,False,,False,,0.625,0.625,0.5,False,0.0,,
EUR/USD,SHORT,2026-01-19,-1.14,5.0,8.0,0.625,3.6,True,False,False,False,,False,,0.625,0.625,0.5,False,0.0,,
EUR/USD,SHORT,2026-01-20,-1.17,5.0,8.0,0.625,3.6,True,False,False,False,,False,,0.625,0.625,0.5,False,0.0,,
EUR/USD,SHORT,2026-02-02,-1.07,5.0,8.0,0.625,3.6,True,False,False,False,,False,,0.625,0.625,0.5,False,0.0,,
EUR/USD,SHORT,2026-02-09,1.74,5.0,8.0,0.625,3.6,True,False,False,False,,False,,0.625,0.625,0.5,False,0.0,,
EUR/USD,SHORT,2026-02-17,1.77,5.0,8.0,0.625,3.6,True,False,False,False,,False,,0.625,0.625,0.5,False,0.0,,
EUR/USD,SHORT,2026-02-20,-1.14,4.75,8.0,0.59375,3.6,True,False,False,False,,False,,0.59375,0.59375,0.5,False,0.0,,
EUR/USD,SHORT,2026-02-23,1.79,5.0,8.0,0.625,3.6,True,False,False,False,,False,,0.625,0.625,0.5,False,0.0,,
EUR/USD,SHORT,2026-03-03,-1.08,5.0,8.0,0.625,3.6,True,False,False,False,,False,,0.625,0.625,0.5,False,0.0,,
EUR/USD,SHORT,2026-03-05,-1.09,5.0,8.0,0.625,3.6,True,False,False,False,,False,,0.625,0.625,0.5,False,0.0,,
EUR/USD,SHORT,2026-03-10,1.84,6.0,8.0,0.75,3.6,True,False,True,False,,False,,0.75,0.75,0.5,False,0.0,,
EUR/USD,SHORT,2026-03-12,1.88,6.0,8.0,0.75,3.6,True,False,True,False,,False,,0.75,0.75,0.5,False,0.0,,
EUR/USD,SHORT,2026-03-16,-1.08,7.0,8.0,0.875,3.6,True,True,True,True,,False,,0.875,0.875,0.5,False,0.0,,
EUR/USD,SHORT,2026-03-17,-1.09,6.0,8.0,0.75,3.6,True,False,True,False,,False,,0.75,0.75,0.5,False,0.0,,
EUR/USD,SHORT,2026-03-19,-1.09,6.0,8.0,0.75,3.6,True,False,True,False,,False,,0.75,0.75,0.5,False,0.0,,
EUR/USD,SHORT,2026-03-30,-1.1,7.0,8.0,0.875,3.6,True,True,True,True,,False,,0.875,0.875,0.5,False,0.0,,
EUR/USD,SHORT,2026-04-01,-1.1,4.75,8.0,0.59375,3.6,True,False,False,False,,False,,0.59375,0.59375,0.5,False,0.0,,
EUR/USD,SHORT,2026-04-02,-1.09,5.0,8.0,0.625,3.6,True,False,False,False,,False,,0.625,0.625,0.5,False,0.0,,
EUR/USD,SHORT,2026-04-20,1.81,5.0,8.0,0.625,3.6,True,False,False,False,,False,,0.625,0.625,0.5,False,0.0,,
EUR/USD,SHORT,2026-04-24,-1.13,4.75,8.0,0.59375,3.6,True,False,False,False,,False,,0.59375,0.59375,0.5,False,0.0,,
EUR/USD,SHORT,2026-05-15,1.73,3.75,8.0,0.46875,3.6,True,False,False,False,,False,,0.46875,0.46875,0.5,False,0.0,,
EUR/USD,SHORT,2026-05-20,-1.13,4.75,8.0,0.59375,3.6,True,False,False,False,,False,,0.59375,0.59375,0.5,False,0.0,,
EUR/USD,SHORT,2026-05-26,-1.16,5.0,8.0,0.625,3.6,True,False,False,False,,False,,0.625,0.625,0.5,False,0.0,,
EUR/USD,LONG,2025-01-21,1.89,5.0,8.0,0.625,3.6,True,False,False,False,,False,,0.625,0.625,0.5,False,0.0,,
EUR/USD,LONG,2025-01-27,-1.03,5.0,8.0,0.625,3.6,True,False,False,False,,False,,0.625,0.625,0.5,False,0.0,,
EUR/USD,LONG,2025-02-14,0.52,5.0,8.0,0.625,3.6,True,False,False,False,,False,,0.625,0.625,0.5,False,0.0,,
EUR/USD,LONG,2025-02-24,-1.04,5.0,8.0,0.625,3.6,True,False,False,False,,False,,0.625,0.625,0.5,False,0.0,,
EUR/USD,LONG,2025-02-28,-1.15,4.75,8.0,0.59375,3.6,True,False,False,False,,False,,0.59375,0.59375,0.5,False,0.0,,
EUR/USD,LONG,2025-03-04,1.63,6.0,8.0,0.75,3.6,True,False,True,False,,False,,0.75,0.75,0.5,False,0.0,,
EUR/USD,LONG,2025-03-12,0.07,6.0,8.0,0.75,3.6,True,False,True,False,,False,,0.75,0.75,0.5,False,0.0,,
EUR/USD,LONG,2025-03-19,-1.04,5.0,8.0,0.625,3.6,True,False,False,False,,False,,0.625,0.625,0.5,False,0.0,,
EUR/USD,LONG,2025-04-02,1.81,5.0,8.0,0.625,3.6,True,False,False,False,,False,,0.625,0.625,0.5,False,0.0,,
EUR/USD,LONG,2025-04-03,1.94,6.0,8.0,0.75,3.6,True,False,True,False,,False,,0.75,0.75,0.5,False,0.0,,
EUR/USD,LONG,2025-04-04,-1.05,6.0,8.0,0.75,3.6,True,False,True,False,,False,,0.75,0.75,0.5,False,0.0,,
EUR/USD,LONG,2025-04-11,0.54,6.0,8.0,0.75,3.6,True,False,True,False,,False,,0.75,0.75,0.5,False,0.0,,
EUR/USD,LONG,2025-04-21,-1.06,6.0,8.0,0.75,3.6,True,False,True,False,,False,,0.75,0.75,0.5,False,0.0,,
EUR/USD,LONG,2025-04-24,-0.58,4.75,8.0,0.59375,3.6,True,False,False,False,,False,,0.59375,0.59375,0.5,False,0.0,,
EUR/USD,LONG,2025-05-01,1.87,5.75,8.0,0.71875,3.6,True,False,False,False,,False,,0.71875,0.71875,0.5,False,0.0,,
EUR/USD,LONG,2025-05-21,-1.08,5.0,8.0,0.625,3.6,True,False,False,False,,False,,0.625,0.625,0.5,False,0.0,,
EUR/USD,LONG,2025-05-23,-1.08,6.0,8.0,0.75,3.6,True,False,True,False,,False,,0.75,0.75,0.5,False,0.0,,
EUR/USD,LONG,2025-05-29,1.85,6.0,8.0,0.75,3.6,True,False,True,False,,False,,0.75,0.75,0.5,False,0.0,,
EUR/USD,LONG,2025-06-03,-1.08,6.0,8.0,0.75,3.6,True,False,True,False,,False,,0.75,0.75,0.5,False,0.0,,
EUR/USD,LONG,2025-06-04,1.85,6.0,8.0,0.75,3.6,True,False,True,False,,False,,0.75,0.75,0.5,False,0.0,,
EUR/USD,LONG,2025-06-06,1.82,5.0,8.0,0.625,3.6,True,False,False,False,,False,,0.625,0.625,0.5,False,0.0,,
EUR/USD,LONG,2025-06-12,-0.35,6.0,8.0,0.75,3.6,True,False,True,False,,False,,0.75,0.75,0.5,False,0.0,,
EUR/USD,LONG,2025-06-19,1.79,5.0,8.0,0.625,3.6,True,False,False,False,,False,,0.625,0.625,0.5,False,0.0,,
EUR/USD,LONG,2025-06-24,1.01,6.0,8.0,0.75,3.6,True,False,True,False,,False,,0.75,0.75,0.5,False,0.0,,
EUR/USD,LONG,2025-07-02,-1.09,6.0,8.0,0.75,3.6,True,False,True,False,,False,,0.75,0.75,0.5,False,0.0,,
EUR/USD,LONG,2025-07-23,-1.11,6.0,8.0,0.75,3.6,True,False,True,False,,False,,0.75,0.75,0.5,False,0.0,,
EUR/USD,LONG,2025-07-31,1.87,6.0,8.0,0.75,3.6,True,False,True,False,,False,,0.75,0.75,0.5,False,0.0,,
EUR/USD,LONG,2025-08-07,-0.21,5.0,8.0,0.625,3.6,True,False,False,False,,False,,0.625,0.625,0.5,False,0.0,,
EUR/USD,LONG,2025-08-15,-1.11,5.0,8.0,0.625,3.6,True,False,False,False,,False,,0.625,0.625,0.5,False,0.0,,
EUR/USD,LONG,2025-08-25,-1.1,5.0,8.0,0.625,3.6,True,False,False,False,,False,,0.625,0.625,0.5,False,0.0,,
EUR/USD,LONG,2025-08-26,-1.09,5.0,8.0,0.625,3.6,True,False,False,False,,False,,0.625,0.625,0.5,False,0.0,,
EUR/USD,LONG,2025-08-27,0.34,5.0,8.0,0.625,3.6,True,False,False,False,,False,,0.625,0.625,0.5,False,0.0,,
EUR/USD,LONG,2025-09-08,-1.11,6.0,8.0,0.75,3.6,True,False,True,False,,False,,0.75,0.75,0.5,False,0.0,,
EUR/USD,LONG,2025-09-12,1.78,5.0,8.0,0.625,3.6,True,False,False,False,,False,,0.625,0.625,0.5,False,0.0,,
EUR/USD,LONG,2025-09-16,-0.3,6.0,8.0,0.75,3.6,True,False,True,False,,False,,0.75,0.75,0.5,False,0.0,,
EUR/USD,LONG,2025-10-03,-1.11,5.0,8.0,0.625,3.6,True,False,False,False,,False,,0.625,0.625,0.5,False,0.0,,
EUR/USD,LONG,2025-10-23,1.75,4.75,8.0,0.59375,3.6,True,False,False,False,,False,,0.59375,0.59375,0.5,False,0.0,,
EUR/USD,LONG,2025-10-28,-1.14,5.0,8.0,0.625,3.6,True,False,False,False,,False,,0.625,0.625,0.5,False,0.0,,
EUR/USD,LONG,2025-11-12,1.74,5.0,8.0,0.625,3.6,True,False,False,False,,False,,0.625,0.625,0.5,False,0.0,,
EUR/USD,LONG,2025-11-14,-1.14,5.0,8.0,0.625,3.6,True,False,False,False,,False,,0.625,0.625,0.5,False,0.0,,
EUR/USD,LONG,2025-11-17,-1.13,5.0,8.0,0.625,3.6,True,False,False,False,,False,,0.625,0.625,0.5,False,0.0,,
EUR/USD,LONG,2025-11-19,-1.15,4.75,8.0,0.59375,3.6,True,False,False,False,,False,,0.59375,0.59375,0.5,False,0.0,,
EUR/USD,LONG,2025-11-20,-1.2,5.75,8.0,0.71875,3.6,True,False,False,False,,False,,0.71875,0.71875,0.5,False,0.0,,
EUR/USD,LONG,2025-11-26,-1.13,4.0,8.0,0.5,3.6,True,False,False,False,,False,,0.5,0.5,0.5,False,0.0,,
EUR/USD,LONG,2025-11-27,1.79,6.0,8.0,0.75,3.6,True,False,True,False,,False,,0.75,0.75,0.5,False,0.0,,
EUR/USD,LONG,2025-12-04,-1.16,5.0,8.0,0.625,3.6,True,False,False,False,,False,,0.625,0.625,0.5,False,0.0,,
EUR/USD,LONG,2025-12-08,1.74,5.0,8.0,0.625,3.6,True,False,False,False,,False,,0.625,0.625,0.5,False,0.0,,
EUR/USD,LONG,2025-12-11,1.76,6.0,8.0,0.75,3.6,True,False,True,False,,False,,0.75,0.75,0.5,False,0.0,,
EUR/USD,LONG,2025-12-12,-1.14,6.0,8.0,0.75,3.6,True,False,True,False,,False,,0.75,0.75,0.5,False,0.0,,
EUR/USD,LONG,2025-12-18,1.77,5.0,8.0,0.625,3.6,True,False,False,False,,False,,0.625,0.625,0.5,False,0.0,,
EUR/USD,LONG,2025-12-23,-1.15,6.0,8.0,0.75,3.6,True,False,True,False,,False,,0.75,0.75,0.5,False,0.0,,
EUR/USD,LONG,2025-12-30,-1.09,5.0,8.0,0.625,3.6,True,False,False,False,,False,,0.625,0.625,0.5,False,0.0,,
EUR/USD,LONG,2025-12-31,-1.21,5.0,8.0,0.625,3.6,True,False,False,False,,False,,0.625,0.625,0.5,False,0.0,,
EUR/USD,LONG,2026-01-21,-1.12,5.0,8.0,0.625,3.6,True,False,False,False,,False,,0.625,0.625,0.5,False,0.0,,
EUR/USD,LONG,2026-01-22,1.83,5.0,8.0,0.625,3.6,True,False,False,False,,False,,0.625,0.625,0.5,False,0.0,,
EUR/USD,LONG,2026-01-26,-0.07,6.0,8.0,0.75,3.6,True,False,True,False,,False,,0.75,0.75,0.5,False,0.0,,
EUR/USD,LONG,2026-03-02,-1.09,5.0,8.0,0.625,3.6,True,False,False,False,,False,,0.625,0.625,0.5,False,0.0,,
EUR/USD,LONG,2026-03-18,-1.1,4.75,8.0,0.59375,3.6,True,False,False,False,,False,,0.59375,0.59375,0.5,False,0.0,,
EUR/USD,LONG,2026-03-20,-1.08,5.0,8.0,0.625,3.6,True,False,False,False,,False,,0.625,0.625,0.5,False,0.0,,
EUR/USD,LONG,2026-03-23,-1.07,4.75,8.0,0.59375,3.6,True,False,False,False,,False,,0.59375,0.59375,0.5,False,0.0,,
EUR/USD,LONG,2026-03-25,-1.08,4.75,8.0,0.59375,3.6,True,False,False,False,,False,,0.59375,0.59375,0.5,False,0.0,,
EUR/USD,LONG,2026-04-08,-1.09,5.75,8.0,0.71875,3.6,True,False,False,False,,False,,0.71875,0.71875,0.5,False,0.0,,
EUR/USD,LONG,2026-04-09,1.82,5.75,8.0,0.71875,3.6,True,False,False,False,,False,,0.71875,0.71875,0.5,False,0.0,,
EUR/USD,LONG,2026-04-14,-1.11,6.0,8.0,0.75,3.6,True,False,True,False,,False,,0.75,0.75,0.5,False,0.0,,
EUR/USD,LONG,2026-04-28,-1.14,5.0,8.0,0.625,3.6,True,False,False,False,,False,,0.625,0.625,0.5,False,0.0,,
EUR/USD,LONG,2026-04-30,1.82,4.0,8.0,0.5,3.6,True,False,False,False,,False,,0.5,0.5,0.5,False,0.0,,
EUR/USD,LONG,2026-05-06,-0.24,5.0,8.0,0.625,3.6,True,False,False,False,,False,,0.625,0.625,0.5,False,0.0,,
EUR/USD,LONG,2026-05-13,-1.21,4.75,8.0,0.59375,3.6,True,False,False,False,,False,,0.59375,0.59375,0.5,False,0.0,,
EUR/USD,LONG,2026-05-28,1.58,4.75,8.0,0.59375,3.6,True,False,False,False,,False,,0.59375,0.59375,0.5,False,0.0,,
EUR/USD,LONG,2026-05-29,-0.41,4.75,8.0,0.59375,3.6,True,False,False,False,,False,,0.59375,0.59375,0.5,False,0.0,,
