cost_adjusted_r,direction,engine,entry_price,entry_quality_class,entry_timeframe,entry_timestamp,execution_timeframe,exit_price,exit_timeframe,exit_timestamp,final_r,indicator_profile,intrabar_ambiguous,intrabar_exit_class,outcome,path_atr_at_entry,path_bars_to_first_minus_0_25r,path_bars_to_first_minus_0_5r,path_bars_to_first_plus_0_25r,path_bars_to_first_plus_0_5r,path_bars_to_first_plus_1_0r,path_bars_to_sl,path_bars_to_tp,path_entry_to_nearest_structure_distance,path_entry_to_stop_distance,path_entry_to_target_distance,path_mae_before_mfe,path_mae_r,path_max_unrealized_loss_before_profit,path_max_unrealized_profit_before_loss,path_mfe_before_mae,path_mfe_r,path_sl_distance_atr,path_spread_pct_of_sl_distance,path_spread_pct_of_tp_distance,path_time_in_trade_bars,path_touched_both_same_candle,path_touched_break_even,path_touched_plus_0_25r,path_touched_plus_0_5r,path_touched_plus_1_0r,path_touched_sl,path_touched_tp,path_tp_distance_atr,signal_timeframe,sl_price,symbol,tp_price
-1.3216,SHORT,ENGINE_A,1.15272,LATE_ENTRY,H1,2025-11-20T17:00:00+00:00,H1,,H1,,-1.3216,bar_native,False,SL_ONLY,SL,,,,,,,,,,0.0022699999999999942,0.005674999999999875,,-1.1145,0.0,0.0,,0.2731,,,,0,False,False,False,False,False,False,False,,H1,1.15499,EUR/USD,1.147045
0.7366,SHORT,ENGINE_A,1.15253,CLEAN_ENTRY,H1,2025-11-21T11:00:00+00:00,H1,,H1,,0.7366,bar_native,False,TP_ONLY,TP1,,,,,,,,,,0.0027200000000000557,0.005308370000000062,,-0.0662,0.0,0.0,,1.0551,,,,0,False,False,False,False,False,False,False,,H1,1.15525,EUR/USD,1.14722163
-0.8255,SHORT,ENGINE_A,1.15205,TP_TOO_FAR,H1,2025-11-21T15:00:00+00:00,H1,,H1,,-0.8255,bar_native,False,EXIT_BY_TIME,TIMEOUT,,,,,,,,,,0.0032000000000000917,0.007911830000000064,,-0.9375,0.0,0.0,,0.9156,,,,0,False,False,False,False,False,False,False,,H1,1.15525,EUR/USD,1.14413817
-1.3996,LONG,ENGINE_A,1.1595,LATE_ENTRY,H1,2025-11-27T15:00:00+00:00,H1,,H1,,-1.3996,bar_native,False,SL_ONLY,SL,,,,,,,,,,0.0018499999999999073,0.003481999999999985,,-1.5622,0.0,0.0,,0.3892,,,,0,False,False,False,False,False,False,False,,H1,1.15765,EUR/USD,1.162982
0.8245,LONG,ENGINE_A,1.1597,CLEAN_ENTRY,H1,2025-12-01T05:00:00+00:00,H1,,H1,,0.8245,bar_native,False,TP_ONLY,TP1,,,,,,,,,,0.004189999999999916,0.007635920000000018,,-0.1575,0.0,0.0,,1.2411,,,,0,False,False,False,False,False,False,False,,H1,1.15551,EUR/USD,1.16733592
-1.8439,LONG,ENGINE_A,1.16123,LATE_ENTRY,H1,2025-12-02T05:00:00+00:00,H1,,H1,,-1.8439,bar_native,False,SL_ONLY,SL,,,,,,,,,,0.0008399999999999519,0.0012600000000000389,,-1.1786,0.0,0.0,,0.4762,,,,0,False,False,False,False,False,False,False,,H1,1.16039,EUR/USD,1.16249
0.1526,LONG,ENGINE_A,1.16428,CLEAN_ENTRY,H1,2025-12-03T08:00:00+00:00,H1,,H1,,0.1526,bar_native,False,EXIT_BY_TIME,TIMEOUT,,,,,,,,,,0.005149999999999988,0.007749999999999924,,-0.1379,0.0,0.0,,0.6816,,,,0,False,False,False,False,False,False,False,,H1,1.15913,EUR/USD,1.17203
0.4355,LONG,ENGINE_A,1.16654,CLEAN_ENTRY,H1,2025-12-04T09:00:00+00:00,H1,,H1,,0.4355,bar_native,False,TP_ONLY,TP1,,,,,,,,,,0.0012399999999999078,0.0018600000000001948,,-0.1694,0.0,0.0,,1.3468,,,,0,False,False,False,False,False,False,False,,H1,1.1653,EUR/USD,1.1684
-1.3966,LONG,ENGINE_A,1.16697,LATE_ENTRY,H1,2025-12-04T16:00:00+00:00,H1,,H1,,-1.3966,bar_native,False,SL_ONLY,SL,,,,,,,,,,0.0017899999999999583,0.0035125000000000295,,-1.0838,0.0,0.0,,0.2793,,,,0,False,False,False,False,False,False,False,,H1,1.16518,EUR/USD,1.1704825
-1.4021,LONG,ENGINE_A,1.16591,TP_TOO_FAR,H1,2025-12-05T07:00:00+00:00,H1,,H1,,-1.4021,bar_native,False,SL_ONLY,SL,,,,,,,,,,0.0018000000000000238,0.002674999999999983,,-1.7167,0.0,0.0,,0.7,,,,0,False,False,False,False,False,False,False,,H1,1.16411,EUR/USD,1.168585
-1.3109,LONG,ENGINE_A,1.16517,TP_TOO_FAR,H1,2025-12-08T03:00:00+00:00,H1,,H1,,-1.3109,bar_native,False,SL_ONLY,SL,,,,,,,,,,0.0023500000000000743,0.003474999999999895,,-1.4766,0.0,0.0,,0.8681,,,,0,False,False,False,False,False,False,False,,H1,1.16282,EUR/USD,1.168645
0.7024,LONG,ENGINE_A,1.16402,CLEAN_ENTRY,H1,2025-12-10T15:00:00+00:00,H1,,H1,,0.7024,bar_native,False,TP_ONLY,TP1,,,,,,,,,,0.0023200000000000998,0.004029249999999873,,-0.2802,0.0,0.0,,1.75,,,,0,False,False,False,False,False,False,False,,H1,1.1617,EUR/USD,1.16804925
0.8906,LONG,ENGINE_A,1.16936,CLEAN_ENTRY,H1,2025-12-11T09:00:00+00:00,H1,,H1,,0.8906,bar_native,False,TP_ONLY,TP1,,,,,,,,,,0.006589999999999874,0.013536960000000153,,-0.0941,0.0,0.0,,1.003,,,,0,False,False,False,False,False,False,False,,H1,1.16277,EUR/USD,1.18289696
-0.0673,LONG,ENGINE_A,1.17361,UNCLASSIFIED,H1,2025-12-12T04:00:00+00:00,H1,,H1,,-0.0673,bar_native,False,EXIT_BY_TIME,TIMEOUT,,,,,,,,,,0.004870000000000152,0.009009499999999893,,-0.3388,0.0,0.0,,0.2854,,,,0,False,False,False,False,False,False,False,,H1,1.16874,EUR/USD,1.1826195
0.6463,LONG,ENGINE_A,1.17434,CLEAN_ENTRY,H1,2025-12-15T11:00:00+00:00,H1,,H1,,0.6463,bar_native,False,TP_ONLY,TP1,,,,,,,,,,0.0020199999999999108,0.0034087499999999604,,-0.2228,0.0,0.0,,1.0347,,,,0,False,False,False,False,False,False,False,,H1,1.17232,EUR/USD,1.17774875
0.6753,LONG,ENGINE_A,1.17487,CLEAN_ENTRY,H1,2025-12-15T21:00:00+00:00,H1,,H1,,0.6753,bar_native,False,TP_ONLY,TP1,,,,,,,,,,0.0022300000000001763,0.0046953299999998865,,-0.1928,0.0,0.0,,1.3318,,,,0,False,False,False,False,False,False,False,,H1,1.17264,EUR/USD,1.17956533
-0.6565,LONG,ENGINE_A,1.17449,LATE_ENTRY,H1,2025-12-17T21:00:00+00:00,H1,,H1,,-0.6565,bar_native,False,EXIT_BY_TIME,TIMEOUT,,,,,,,,,,0.0041599999999999415,0.010140000000000038,,-0.7788,0.0,0.0,,0.4351,,,,0,False,False,False,False,False,False,False,,H1,1.17033,EUR/USD,1.18463
0.6936,LONG,ENGINE_A,1.17742,CLEAN_ENTRY,H1,2025-12-23T17:00:00+00:00,H1,,H1,,0.6936,bar_native,False,TP_ONLY,TP1,,,,,,,,,,0.0023699999999999832,0.00480912,,-0.2152,0.0,0.0,,1.0549,,,,0,False,False,False,False,False,False,False,,H1,1.17505,EUR/USD,1.18222912
-0.838,LONG,ENGINE_A,1.17913,LATE_ENTRY,H1,2025-12-24T06:00:00+00:00,H1,,H1,,-0.838,bar_native,False,EXIT_BY_TIME,TIMEOUT,,,,,,,,,,0.0027300000000001212,0.004489329999999958,,-0.7179,0.0,0.0,,0.4652,,,,0,False,False,False,False,False,False,False,,H1,1.1764,EUR/USD,1.18361933
-1.2873,LONG,ENGINE_A,1.17914,WRONG_DIRECTION,H1,2025-12-26T15:00:00+00:00,H1,,H1,,-1.2873,bar_native,False,SL_ONLY,SL,,,,,,,,,,0.0024800000000000377,0.004456579999999821,,-1.1734,0.0,0.0,,0.125,,,,0,False,False,False,False,False,False,False,,H1,1.17666,EUR/USD,1.18359658
-1.3161,LONG,ENGINE_A,1.1784,WRONG_DIRECTION,H1,2025-12-29T03:00:00+00:00,H1,,H1,,-1.3161,bar_native,False,SL_ONLY,SL,,,,,,,,,,0.0022599999999999287,0.004390000000000116,,-1.3451,0.0,0.0,,0.0619,,,,0,False,False,False,False,False,False,False,,H1,1.17614,EUR/USD,1.18279
-1.35,LONG,ENGINE_A,1.17709693,LATE_ENTRY,H1,2025-12-29T23:00:00+00:00,H1,,H1,,-1.35,bar_native,False,SL_ONLY,SL,,,,,,,,,,0.002136930000000037,0.005439189999999927,,-1.2012,0.0,0.0,,0.4226,,,,0,False,False,False,False,False,False,False,,H1,1.17496,EUR/USD,1.18253612
-0.7139,LONG,ENGINE_A,1.17292,WRONG_DIRECTION,H1,2026-01-21T03:00:00+00:00,H1,,H1,,-0.7139,bar_native,False,EXIT_BY_TIME,TIMEOUT,,,,,,,,,,0.006709999999999994,0.016774999999999984,,-0.8808,0.0,0.0,,0.2057,,,,0,False,False,False,False,False,False,False,,H1,1.16621,EUR/USD,1.189695
0.7975,LONG,ENGINE_A,1.17023,CLEAN_ENTRY,H1,2026-01-22T13:00:00+00:00,H1,,H1,,0.7975,bar_native,False,TP_ONLY,TP1,,,,,,,,,,0.0032200000000000006,0.007112289999999799,,-0.0745,0.0,0.0,,1.5,,,,0,False,False,False,False,False,False,False,,H1,1.16701,EUR/USD,1.17734229
0.5307,LONG,ENGINE_A,1.17464,CLEAN_ENTRY,H1,2026-01-22T19:00:00+00:00,H1,,H1,,0.5307,bar_native,False,EXIT_BY_TIME,TIMEOUT,,,,,,,,,,0.007629999999999804,0.019110000000000182,,-0.2372,0.0,0.0,,0.6868,,,,0,False,False,False,False,False,False,False,,H1,1.16701,EUR/USD,1.19375
-0.0048,LONG,ENGINE_A,1.18535,UNCLASSIFIED,H1,2026-01-26T10:00:00+00:00,H1,,H1,,-0.0048,bar_native,False,EXIT_BY_TIME,TIMEOUT,,,,,,,,,,0.012159999999999949,0.030365000000000197,,-0.1538,0.0,0.0,,0.4391,,,,0,False,False,False,False,False,False,False,,H1,1.17319,EUR/USD,1.215715
-0.3603,LONG,ENGINE_A,1.19801,TP_TOO_FAR,H1,2026-01-27T19:00:00+00:00,H1,,H1,,-0.3603,bar_native,False,EXIT_BY_TIME,TIMEOUT,,,,,,,,,,0.012979999999999992,0.03245000000000009,,-0.4723,0.0,0.0,,0.7858,,,,0,False,False,False,False,False,False,False,,H1,1.18503,EUR/USD,1.23046
-0.2466,LONG,ENGINE_A,1.19808,WRONG_DIRECTION,H1,2026-01-29T01:00:00+00:00,H1,,H1,,-0.2466,bar_native,False,EXIT_BY_TIME,TIMEOUT,,,,,,,,,,0.008499999999999952,0.02124999999999999,,-0.8812,0.0,0.0,,0.1871,,,,0,False,False,False,False,False,False,False,,H1,1.18958,EUR/USD,1.21933
0.0377,LONG,ENGINE_A,1.19086,CLEAN_ENTRY,H1,2026-02-10T09:00:00+00:00,H1,,H1,,0.0377,bar_native,False,EXIT_BY_TIME,TIMEOUT,,,,,,,,,,0.003940000000000055,0.00590999999999986,,-0.5711,0.0,0.0,,0.5102,,,,0,False,False,False,False,False,False,False,,H1,1.18692,EUR/USD,1.19677
-1.212,LONG,ENGINE_A,1.18871,WRONG_DIRECTION,H1,2026-02-12T11:00:00+00:00,H1,,H1,,-1.212,bar_native,False,SL_ONLY,SL,,,,,,,,,,0.003609999999999891,0.005610540000000164,,-1.108,0.0,0.0,,0.0859,,,,0,False,False,False,False,False,False,False,,H1,1.1851,EUR/USD,1.19432054
-1.0511,LONG,ENGINE_A,1.18741,LATE_ENTRY,H1,2026-02-13T15:00:00+00:00,H1,,H1,,-1.0511,bar_native,False,EXIT_BY_TIME,TIMEOUT,,,,,,,,,,0.0027000000000001467,0.004074999999999829,,-0.9778,0.0,0.0,,0.3222,,,,0,False,False,False,False,False,False,False,,H1,1.18471,EUR/USD,1.191485
-1.4902,SHORT,ENGINE_A,1.17638,LATE_ENTRY,H1,2026-02-20T12:00:00+00:00,H1,,H1,,-1.4902,bar_native,False,SL_ONLY,SL,,,,,,,,,,0.0014499999999999513,0.0021999999999999797,,-1.269,0.0,0.0,,0.4621,,,,0,False,False,False,False,False,False,False,,H1,1.17783,EUR/USD,1.17418
-0.3696,SHORT,ENGINE_A,1.16124,UNCLASSIFIED,H1,2026-03-03T21:00:00+00:00,H1,,H1,,-0.3696,bar_native,False,EXIT_BY_TIME,TIMEOUT,,,,,,,,,,0.009449999999999958,0.02359,,-0.4497,0.0,0.0,,0.4,,,,0,False,False,False,False,False,False,False,,H1,1.17069,EUR/USD,1.13765
0.7425,SHORT,ENGINE_A,1.16283,CLEAN_ENTRY,H1,2026-03-05T03:00:00+00:00,H1,,H1,,0.7425,bar_native,False,TP_ONLY,TP1,,,,,,,,,,0.0026599999999998847,0.0063623699999999506,,-0.1353,0.0,0.0,,1.2932,,,,0,False,False,False,False,False,False,False,,H1,1.16549,EUR/USD,1.15646763
-0.3648,SHORT,ENGINE_A,1.1605,TP_TOO_FAR,H1,2026-03-05T09:00:00+00:00,H1,,H1,,-0.3648,bar_native,False,EXIT_BY_TIME,TIMEOUT,,,,,,,,,,0.0047199999999998354,0.011215500000000045,,-0.8369,0.0,0.0,,0.9746,,,,0,False,False,False,False,False,False,False,,H1,1.16522,EUR/USD,1.1492845
-1.0936,SHORT,ENGINE_A,1.15445,LATE_ENTRY,H1,2026-03-09T09:00:00+00:00,H1,,H1,,-1.0936,bar_native,False,SL_ONLY,SL,,,,,,,,,,0.007710000000000106,0.019239999999999924,,-1.1582,0.0,0.0,,0.3787,,,,0,False,False,False,False,False,False,False,,H1,1.16216,EUR/USD,1.13521
0.731,SHORT,ENGINE_A,1.15577,CLEAN_ENTRY,H1,2026-03-12T13:00:00+00:00,H1,,H1,,0.731,bar_native,False,TP_ONLY,TP1,,,,,,,,,,0.00266999999999995,0.004633920000000069,,-0.3184,0.0,0.0,,1.4082,,,,0,False,False,False,False,False,False,False,,H1,1.15844,EUR/USD,1.15113608
-1.1338,SHORT,ENGINE_A,1.14496,TP_TOO_FAR,H1,2026-03-16T04:00:00+00:00,H1,,H1,,-1.1338,bar_native,False,SL_ONLY,SL,,,,,,,,,,0.005400000000000071,0.010311540000000008,,-1.013,0.0,0.0,,0.6556,,,,0,False,False,False,False,False,False,False,,H1,1.15036,EUR/USD,1.13464846
-1.0889,SHORT,ENGINE_A,1.14746,LATE_ENTRY,H1,2026-03-19T06:00:00+00:00,H1,,H1,,-1.0889,bar_native,False,SL_ONLY,SL,,,,,,,,,,0.008090000000000153,0.014679499999999956,,-1.1508,0.0,0.0,,0.3931,,,,0,False,False,False,False,False,False,False,,H1,1.15555,EUR/USD,1.1327805
0.773,SHORT,ENGINE_A,1.15193,CLEAN_ENTRY,H1,2026-03-27T18:00:00+00:00,H1,,H1,,0.773,bar_native,False,TP_ONLY,TP1,,,,,,,,,,0.003940000000000055,0.005859999999999976,,-0.2411,0.0,0.0,,1.1751,,,,0,False,False,False,False,False,False,False,,H1,1.15587,EUR/USD,1.14607
-1.2342,SHORT,ENGINE_A,1.14697,LATE_ENTRY,H1,2026-03-31T06:00:00+00:00,H1,,H1,,-1.2342,bar_native,False,SL_ONLY,SL,,,,,,,,,,0.0030200000000000227,0.004555000000000087,,-1.3278,0.0,0.0,,0.404,,,,0,False,False,False,False,False,False,False,,H1,1.14999,EUR/USD,1.142415
-1.198,SHORT,ENGINE_A,1.15361,WRONG_DIRECTION,H1,2026-04-07T08:00:00+00:00,H1,,H1,,-1.198,bar_native,False,SL_ONLY,SL,,,,,,,,,,0.0035199999999999676,0.005405000000000104,,-1.1222,0.0,0.0,,0.0994,,,,0,False,False,False,False,False,False,False,,H1,1.15713,EUR/USD,1.148205
0.6745,LONG,ENGINE_A,1.16654,CLEAN_ENTRY,H1,2026-04-09T05:00:00+00:00,H1,,H1,,0.6745,bar_native,False,TP_ONLY,TP1,,,,,,,,,,0.0022099999999998232,0.004060869999999994,,-0.4977,0.0,0.0,,1.095,,,,0,False,False,False,False,False,False,False,,H1,1.16433,EUR/USD,1.17060087
0.8088,LONG,ENGINE_A,1.16925,CLEAN_ENTRY,H1,2026-04-10T04:00:00+00:00,H1,,H1,,0.8088,bar_native,False,TP_ONLY,TP1,,,,,,,,,,0.003809999999999869,0.005715000000000137,,-0.3937,0.0,0.0,,1.1129,,,,0,False,False,False,False,False,False,False,,H1,1.16544,EUR/USD,1.174965
-1.1661,LONG,ENGINE_A,1.17278,WRONG_DIRECTION,H1,2026-04-10T17:00:00+00:00,H1,,H1,,-1.1661,bar_native,False,SL_ONLY,SL,,,,,,,,,,0.005029999999999868,0.007595000000000018,,-1.3042,0.0,0.0,,0.2326,,,,0,False,False,False,False,False,False,False,,H1,1.16775,EUR/USD,1.180375
0.7989,LONG,ENGINE_A,1.16972,CLEAN_ENTRY,H1,2026-04-13T10:00:00+00:00,H1,,H1,,0.7989,bar_native,False,TP_ONLY,TP1,,,,,,,,,,0.0035000000000000586,0.005274999999999919,,-0.4686,0.0,0.0,,1.16,,,,0,False,False,False,False,False,False,False,,H1,1.16622,EUR/USD,1.174995
-0.0131,LONG,ENGINE_A,1.1783,UNCLASSIFIED,H1,2026-04-14T11:00:00+00:00,H1,,H1,,-0.0131,bar_native,False,EXIT_BY_TIME,TIMEOUT,,,,,,,,,,0.00865999999999989,0.012940000000000174,,-0.0485,0.0,0.0,,0.3233,,,,0,False,False,False,False,False,False,False,,H1,1.16964,EUR/USD,1.19124
0.5576,LONG,ENGINE_A,1.17881,CLEAN_ENTRY,H1,2026-04-15T15:00:00+00:00,H1,,H1,,0.5576,bar_native,False,TP_ONLY,TP1,,,,,,,,,,0.0016099999999998893,0.002415000000000056,,-0.2484,0.0,0.0,,1.2484,,,,0,False,False,False,False,False,False,False,,H1,1.1772,EUR/USD,1.181225
-1.264,LONG,ENGINE_A,1.18005,TP_TOO_FAR,H1,2026-04-15T21:00:00+00:00,H1,,H1,,-1.264,bar_native,False,SL_ONLY,SL,,,,,,,,,,0.002850000000000019,0.0042999999999999705,,-1.1719,0.0,0.0,,0.8211,,,,0,False,False,False,False,False,False,False,,H1,1.1772,EUR/USD,1.18435
-1.3234,LONG,ENGINE_A,1.17375,WRONG_DIRECTION,H1,2026-05-04T06:00:00+00:00,H1,,H1,,-1.3234,bar_native,False,SL_ONLY,SL,,,,,,,,,,0.0021999999999999797,0.004959170000000013,,-1.0136,0.0,0.0,,0.0409,,,,0,False,False,False,False,False,False,False,,H1,1.17155,EUR/USD,1.17870917
-0.1223,LONG,ENGINE_A,1.17482,TP_TOO_FAR,H1,2026-05-06T20:00:00+00:00,H1,,H1,,-0.1223,bar_native,False,EXIT_BY_TIME,TIMEOUT,,,,,,,,,,0.005649999999999933,0.014124999999999943,,-0.2212,0.0,0.0,,0.531,,,,0,False,False,False,False,False,False,False,,H1,1.16917,EUR/USD,1.188945
-0.046,LONG,ENGINE_A,1.17791,WRONG_DIRECTION,H1,2026-05-08T16:00:00+00:00,H1,,H1,,-0.046,bar_native,False,EXIT_BY_TIME,TIMEOUT,,,,,,,,,,0.005889999999999951,0.012288999999999994,,-0.6044,0.0,0.0,,0.1494,,,,0,False,False,False,False,False,False,False,,H1,1.17202,EUR/USD,1.190199
-1.2529,LONG,ENGINE_A,1.17779,LATE_ENTRY,H1,2026-05-11T20:00:00+00:00,H1,,H1,,-1.2529,bar_native,False,SL_ONLY,SL,,,,,,,,,,0.0029199999999998116,0.0043800000000000505,,-1.1918,0.0,0.0,,0.3459,,,,0,False,False,False,False,False,False,False,,H1,1.17487,EUR/USD,1.18217
0.7181,SHORT,ENGINE_A,1.16368,CLEAN_ENTRY,H1,2026-05-19T07:00:00+00:00,H1,,H1,,0.7181,bar_native,False,TP_ONLY,TP1,,,,,,,,,,0.0025199999999998557,0.00422100000000003,,-0.369,0.0,0.0,,1.0198,,,,0,False,False,False,False,False,False,False,,H1,1.1662,EUR/USD,1.159459
-1.5079,SHORT,ENGINE_A,1.16009,TP_TOO_FAR,H1,2026-05-20T14:00:00+00:00,H1,,H1,,-1.5079,bar_native,False,SL_ONLY,SL,,,,,,,,,,0.0013799999999999368,0.0020700000000000163,,-1.6884,0.0,0.0,,1.3406,,,,0,False,False,False,False,False,False,False,,H1,1.16147,EUR/USD,1.15802
-0.4013,SHORT,ENGINE_A,1.15948,LATE_ENTRY,H1,2026-05-21T16:00:00+00:00,H1,,H1,,-0.4013,bar_native,False,EXIT_BY_TIME,TIMEOUT,,,,,,,,,,0.004089999999999927,0.01022500000000015,,-0.8631,0.0,0.0,,0.3105,,,,0,False,False,False,False,False,False,False,,H1,1.16357,EUR/USD,1.149255
0.738,SHORT,ENGINE_A,1.16100443,CLEAN_ENTRY,H1,2026-06-05T10:00:00+00:00,H1,,H1,,0.738,bar_native,False,TP_ONLY,TP1,,,,,,,,,,0.0035355699999999324,0.005064430000000009,,-0.9689,0.0,0.0,,1.0902,,,,0,False,False,False,False,False,False,False,,H1,1.16454,EUR/USD,1.15594
-1.2479,SHORT,ENGINE_A,1.15297,TP_TOO_FAR,H1,2026-06-11T13:00:00+00:00,H1,,H1,,-1.2479,bar_native,False,SL_ONLY,SL,,,,,,,,,,0.0028200000000000447,0.006720999999999977,,-1.2979,0.0,0.0,,0.9539,,,,0,False,False,False,False,False,False,False,,H1,1.15579,EUR/USD,1.146249
-0.249,SHORT,ENGINE_A,1.14596,TP_TOO_FAR,H1,2026-06-19T09:00:00+00:00,H1,,H1,,-0.249,bar_native,False,EXIT_BY_TIME,TIMEOUT,,,,,,,,,,0.0027999999999999137,0.005856670000000008,,-0.7536,0.0,0.0,,0.6393,,,,0,False,False,False,False,False,False,False,,H1,1.14876,EUR/USD,1.14010333
0.714,SHORT,ENGINE_A,1.14565,CLEAN_ENTRY,H1,2026-06-22T10:00:00+00:00,H1,,H1,,0.714,bar_native,False,TP_ONLY,TP1,,,,,,,,,,0.0024199999999998667,0.004305580000000031,,-0.2273,0.0,0.0,,1.1612,,,,0,False,False,False,False,False,False,False,,H1,1.14807,EUR/USD,1.14134442
-1.2143,SHORT,ENGINE_A,1.13496,LATE_ENTRY,H1,2026-06-24T17:00:00+00:00,H1,,H1,,-1.2143,bar_native,False,SL_ONLY,SL,,,,,,,,,,0.003410000000000135,0.007857210000000059,,-1.129,0.0,0.0,,0.4692,,,,0,False,False,False,False,False,False,False,,H1,1.13837,EUR/USD,1.12710279
-1.2635,SHORT,ENGINE_A,1.13616,LATE_ENTRY,H1,2026-06-25T23:00:00+00:00,H1,,H1,,-1.2635,bar_native,False,SL_ONLY,SL,,,,,,,,,,0.002650000000000041,0.004825210000000135,,-1.0264,0.0,0.0,,0.2792,,,,0,False,False,False,False,False,False,False,,H1,1.13881,EUR/USD,1.13133479
-0.9499,SHORT,ENGINE_A,1.13836943,WRONG_DIRECTION,H1,2026-06-26T20:00:00+00:00,H1,,H1,,-0.9499,bar_native,False,EXIT_BY_TIME,TIMEOUT,,,,,,,,,,0.005040570000000022,0.013042470000000028,,-0.9325,0.0,0.0,,0.111,,,,0,False,False,False,False,False,False,False,,H1,1.14341,EUR/USD,1.12532696
-1.2175,SHORT,ENGINE_A,1.13986,LATE_ENTRY,H1,2026-06-30T07:00:00+00:00,H1,,H1,,-1.2175,bar_native,False,SL_ONLY,SL,,,,,,,,,,0.003209999999999935,0.00476500000000013,,-1.134,0.0,0.0,,0.4735,,,,0,False,False,False,False,False,False,False,,H1,1.14307,EUR/USD,1.135095
-1.1675,SHORT,ENGINE_A,1.13839,WRONG_DIRECTION,H1,2026-07-01T15:00:00+00:00,H1,,H1,,-1.1675,bar_native,False,SL_ONLY,SL,,,,,,,,,,0.0043599999999999195,0.01089999999999991,,-2.039,0.0,0.0,,0.2294,,,,0,False,False,False,False,False,False,False,,H1,1.14275,EUR/USD,1.12749
-0.0319,SHORT,ENGINE_A,1.14101,TP_TOO_FAR,H1,2026-07-08T08:00:00+00:00,H1,,H1,,-0.0319,bar_native,False,EXIT_BY_TIME,TIMEOUT,,,,,,,,,,0.003190000000000026,0.005289749999999982,,-0.1505,0.0,0.0,,0.5298,,,,0,False,False,False,False,False,False,False,,H1,1.1442,EUR/USD,1.13572025
-1.258,LONG,ENGINE_A,1.17473,WRONG_DIRECTION,H4,2025-12-17T00:00:00+00:00,H4,,H4,,-1.258,bar_native,False,SL_ONLY,SL,,,,,,,,,,0.0027700000000001612,0.0042679999999999385,,-1.5884,0.0,0.0,,0.0325,,,,0,False,False,False,False,False,False,False,,H4,1.17196,EUR/USD,1.178998
-1.1742,LONG,ENGINE_A,1.17494,LATE_ENTRY,H4,2025-12-17T16:00:00+00:00,H4,,H4,,-1.1742,bar_native,False,SL_ONLY,SL,,,,,,,,,,0.004610000000000003,0.008355629999999836,,-1.0108,0.0,0.0,,0.295,,,,0,False,False,False,False,False,False,False,,H4,1.17033,EUR/USD,1.18329563
0.7396,LONG,ENGINE_A,1.17302,CLEAN_ENTRY,H4,2025-12-22T08:00:00+00:00,H4,,H4,,0.7396,bar_native,False,TP_ONLY,TP1,,,,,,,,,,0.0027399999999999647,0.004110000000000058,,-0.0547,0.0,0.0,,1.427,,,,0,False,False,False,False,False,False,False,,H4,1.17028,EUR/USD,1.17713
-0.6545,LONG,ENGINE_A,1.17788386,WRONG_DIRECTION,H4,2025-12-24T20:00:00+00:00,H4,,H4,,-0.6545,bar_native,False,EXIT_BY_TIME,TIMEOUT,,,,,,,,,,0.0072638599999999,0.011386140000000156,,-0.8114,0.0,0.0,,0.2459,,,,0,False,False,False,False,False,False,False,,H4,1.17062,EUR/USD,1.18927
-0.6552,LONG,ENGINE_A,1.19536,WRONG_DIRECTION,H4,2026-01-28T20:00:00+00:00,H4,,H4,,-0.6552,bar_native,False,EXIT_BY_TIME,TIMEOUT,,,,,,,,,,0.022170000000000023,0.055460000000000065,,-0.8011,0.0,0.0,,0.1944,,,,0,False,False,False,False,False,False,False,,H4,1.17319,EUR/USD,1.25082
0.8818,LONG,ENGINE_A,1.18256,CLEAN_ENTRY,H4,2026-02-09T00:00:00+00:00,H4,,H4,,0.8818,bar_native,False,TP_ONLY,TP1,,,,,,,,,,0.006000000000000005,0.014233669999999865,,-0.1567,0.0,0.0,,1.3333,,,,0,False,False,False,False,False,False,False,,H4,1.17656,EUR/USD,1.19679367
-0.3659,LONG,ENGINE_A,1.19123829,WRONG_DIRECTION,H4,2026-02-09T20:00:00+00:00,H4,,H4,,-0.3659,bar_native,False,EXIT_BY_TIME,TIMEOUT,,,,,,,,,,0.014678289999999983,0.03624220999999994,,-0.5408,0.0,0.0,,0.1112,,,,0,False,False,False,False,False,False,False,,H4,1.17656,EUR/USD,1.2274805
0.895,SHORT,ENGINE_A,1.15655,CLEAN_ENTRY,H4,2026-03-11T20:00:00+00:00,H4,,H4,,0.895,bar_native,False,TP_ONLY,TP1,,,,,,,,,,0.010199999999999987,0.024681869999999995,,-0.0833,0.0,0.0,,1.3,,,,0,False,False,False,False,False,False,False,,H4,1.16675,EUR/USD,1.13186813
0.8755,SHORT,ENGINE_A,1.15593,CLEAN_ENTRY,H4,2026-03-26T08:00:00+00:00,H4,,H4,,0.8755,bar_native,False,TP_ONLY,TP1,,,,,,,,,,0.008070000000000022,0.017257959999999795,,-0.0731,0.0,0.0,,1.0694,,,,0,False,False,False,False,False,False,False,,H4,1.164,EUR/USD,1.13867204
-1.103,SHORT,ENGINE_A,1.15339,LATE_ENTRY,H4,2026-04-03T04:00:00+00:00,H4,,H4,,-1.103,bar_native,False,SL_ONLY,SL,,,,,,,,,,0.00933000000000006,0.017415999999999876,,-1.7481,0.0,0.0,,0.3065,,,,0,False,False,False,False,False,False,False,,H4,1.16272,EUR/USD,1.135974
0.8161,LONG,ENGINE_A,1.17938,CLEAN_ENTRY,H4,2026-04-17T08:00:00+00:00,H4,,H4,,0.8161,bar_native,False,TP_ONLY,TP1,,,,,,,,,,0.0037400000000000766,0.005634999999999835,,-0.0749,0.0,0.0,,1.1578,,,,0,False,False,False,False,False,False,False,,H4,1.17564,EUR/USD,1.185015
-1.1374,LONG,ENGINE_A,1.17841136,WRONG_DIRECTION,H4,2026-04-20T20:00:00+00:00,H4,,H4,,-1.1374,bar_native,False,SL_ONLY,SL,,,,,,,,,,0.005501360000000011,0.00889864000000018,,-1.1781,0.0,0.0,,0.1288,,,,0,False,False,False,False,False,False,False,,H4,1.17291,EUR/USD,1.18731
-1.1468,LONG,ENGINE_A,1.17269,LATE_ENTRY,H4,2026-04-27T04:00:00+00:00,H4,,H4,,-1.1468,bar_native,False,SL_ONLY,SL,,,,,,,,,,0.005789999999999962,0.008685000000000054,,-1.1313,0.0,0.0,,0.4853,,,,0,False,False,False,False,False,False,False,,H4,1.1669,EUR/USD,1.181375
0.1323,LONG,ENGINE_A,1.17283629,CLEAN_ENTRY,H4,2026-04-30T20:00:00+00:00,H4,,H4,,0.1323,bar_native,False,EXIT_BY_TIME,TIMEOUT,,,,,,,,,,0.007316290000000114,0.011797959999999996,,-0.7102,0.0,0.0,,0.934,,,,0,False,False,False,False,False,False,False,,H4,1.16552,EUR/USD,1.18463425
-0.7227,LONG,ENGINE_A,1.17637,LATE_ENTRY,H4,2026-05-08T08:00:00+00:00,H4,,H4,,-0.7227,bar_native,False,EXIT_BY_TIME,TIMEOUT,,,,,,,,,,0.008729999999999905,0.013095000000000079,,-0.7847,0.0,0.0,,0.2784,,,,0,False,False,False,False,False,False,False,,H4,1.16764,EUR/USD,1.189465
-1.1655,SHORT,ENGINE_A,1.15349243,TP_TOO_FAR,H4,2026-06-11T05:00:00+00:00,H4,,H4,,-1.1655,bar_native,False,SL_ONLY,SL,,,,,,,,,,0.004327570000000058,0.010283929999999941,,-1.2634,0.0,0.0,,0.7423,,,,0,False,False,False,False,False,False,False,,H4,1.15782,EUR/USD,1.1432085
0.6141,SHORT,ENGINE_A,1.14653,CLEAN_ENTRY,H4,2026-06-18T13:00:00+00:00,H4,,H4,,0.6141,bar_native,False,EXIT_BY_TIME,TIMEOUT,,,,,,,,,,0.015530000000000044,0.03588150000000012,,-0.0992,0.0,0.0,,0.9073,,,,0,False,False,False,False,False,False,False,,H4,1.16206,EUR/USD,1.1106485
-0.236,SHORT,ENGINE_A,1.13676536,WRONG_DIRECTION,H4,2026-06-25T17:00:00+00:00,H4,,H4,,-0.236,bar_native,False,EXIT_BY_TIME,TIMEOUT,,,,,,,,,,0.00876463999999988,0.014266360000000144,,-0.7901,0.0,0.0,,0.1535,,,,0,False,False,False,False,False,False,False,,H4,1.14553,EUR/USD,1.122499
0.1633,SHORT,ENGINE_A,1.14207,CLEAN_ENTRY,H4,2026-07-06T05:00:00+00:00,H4,,H4,,0.1633,bar_native,False,EXIT_BY_TIME,TIMEOUT,,,,,,,,,,0.005210000000000159,0.007814999999999905,,-0.5221,0.0,0.0,,0.5278,,,,0,False,False,False,False,False,False,False,,H4,1.14728,EUR/USD,1.134255
