run_id,symbol,asset_class,timeframe,family,strategy_name,params_str,direction,session,status,trade_count,win_rate,profit_factor,avg_return,expectancy,max_drawdown,sharpe,sqn,exposure_pct,avg_duration_bars,gross_return,net_return,is_return,oos_return,robustness_score,param_sensitivity,skip_reason,data_source,rank_score
run_20260429_074242_3656ab,SOL/USDT,crypto,D1,engine_b_proxy,structure_filters,fvg_detection=True|strong_close_pct=0.7,both,all,WEAK_CANDIDATE,29,0.379310,3.083617,0.083081,0.083081,-0.511797,0.523997,1.063405,0.029029,14.758621,2.180978,2.180978,1.236200,0.422493,0.536530,,,binance_rest,0.943826
run_20260429_074242_3656ab,BNB/USDT,crypto,D1,pullback,pullback_ema,pullback_period=50|rsi_reclaim=False|rsi_threshold=50|trend_period=200,both,all,WEAK_CANDIDATE,40,0.200000,3.598874,0.045051,0.045051,-0.326227,0.577871,1.169899,0.040040,17.675000,2.001930,2.001930,0.674608,0.166600,0.574087,,,binance_rest,0.911021
run_20260429_074242_3656ab,BNB/USDT,crypto,D1,trend_momentum,ema_alignment,adx_min=0|ema_long=200|ema_mid=50|ema_short=20,both,all,WEAK_CANDIDATE,20,0.300000,5.442295,0.086285,0.086285,-0.124108,0.563821,1.159568,0.020020,28.250000,1.893355,1.893355,1.056535,0.181063,0.451412,,,binance_rest,0.816904
run_20260429_074242_3656ab,BNB/USDT,crypto,D1,trend_momentum,ema_alignment,adx_min=20|ema_long=200|ema_mid=50|ema_short=20,both,all,WEAK_CANDIDATE,20,0.300000,5.442295,0.086285,0.086285,-0.124108,0.563821,1.159568,0.020020,28.250000,1.893355,1.893355,1.056535,0.181063,0.438079,,,binance_rest,0.810237
run_20260429_074242_3656ab,BNB/USDT,crypto,D1,pullback,pullback_ema,pullback_period=20|rsi_reclaim=False|rsi_threshold=50|trend_period=200,both,all,STRONG_CANDIDATE,70,0.342857,2.159508,0.015635,0.015635,-0.260788,0.680626,1.372706,0.070070,8.571429,1.318734,1.318734,0.520828,0.330027,0.770097,,,binance_rest,0.808123
run_20260429_074242_3656ab,BNB/USDT,crypto,D1,pullback,pullback_ema,pullback_period=20|rsi_reclaim=True|rsi_threshold=50|trend_period=200,both,all,STRONG_CANDIDATE,59,0.338983,2.169032,0.017494,0.017494,-0.260628,0.644765,1.301641,0.059059,8.745763,1.185013,1.185013,0.391182,0.370122,0.843849,,,binance_rest,0.803461
run_20260429_074242_3656ab,SOL/USDT,crypto,D1,trend_momentum,ema_alignment,adx_min=0|ema_long=200|ema_mid=50|ema_short=20,both,all,WEAK_CANDIDATE,21,0.333333,3.230732,0.068004,0.068004,-0.309619,0.689522,1.438267,0.021021,22.952381,1.769443,1.769443,1.455505,0.127039,0.432185,,,binance_rest,0.775690
run_20260429_074242_3656ab,SOL/USDT,crypto,H4,mean_reversion,bollinger_touch,num_std=2.0|period=20,both,all,STRONG_CANDIDATE,40,0.850000,2.493509,0.017901,0.017901,-0.362813,2.369058,2.018647,0.040040,12.425000,0.898263,0.898263,0.419655,0.372218,0.806088,,,binance_rest,0.712896
run_20260429_074242_3656ab,ETH/USDT,crypto,D1,pullback,pullback_ema,pullback_period=20|rsi_reclaim=True|rsi_threshold=50|trend_period=200,both,all,STRONG_CANDIDATE,53,0.301887,1.664879,0.015350,0.015350,-0.287267,0.526975,1.060249,0.053053,8.886792,0.754368,0.754368,0.143735,0.132107,0.835731,,,binance_rest,0.665381
run_20260429_074242_3656ab,ETH/USDT,crypto,D1,pullback,pullback_ema,pullback_period=20|rsi_reclaim=False|rsi_threshold=50|trend_period=200,both,all,STRONG_CANDIDATE,59,0.305085,1.636323,0.013948,0.013948,-0.287267,0.530871,1.067080,0.059059,8.474576,0.766610,0.766610,0.172996,0.111568,0.773474,,,binance_rest,0.638062
run_20260429_074242_3656ab,ADA/USDT,crypto,H4,mean_reversion,bollinger_touch,num_std=2.5|period=20,both,all,STRONG_CANDIDATE,26,0.769231,2.672585,0.018396,0.018396,-0.149639,2.360815,2.068017,0.026026,12.807692,0.563984,0.563984,0.250136,0.251051,0.779902,,,binance_rest,0.600506
run_20260429_074242_3656ab,SOL/USDT,crypto,D1,breakout,session_opening_range,atr_expand_min=0.0|range_bars=12,both,all,WEAK_CANDIDATE,31,0.354839,2.350984,0.085887,0.085887,-0.627300,0.437918,0.882919,0.031031,31.387097,1.092517,1.092517,0.936748,0.142528,0.471645,,,binance_rest,0.581236
run_20260429_074242_3656ab,SOL/USDT,crypto,D1,breakout,session_opening_range,atr_expand_min=0.5|range_bars=12,both,all,WEAK_CANDIDATE,31,0.354839,2.350984,0.085887,0.085887,-0.627300,0.437918,0.882919,0.031031,31.387097,1.092517,1.092517,0.936748,0.142528,0.451645,,,binance_rest,0.571236
run_20260429_074242_3656ab,BNB/USDT,crypto,D1,trend_momentum,macd_direction,adx_min=20|fast=12|signal_period=9|slow=26,both,all,STRONG_CANDIDATE,58,0.482759,1.391394,0.010754,0.010754,-0.421214,0.433944,0.869731,0.058058,15.775862,0.465294,0.465294,0.118126,0.123606,0.826083,,,binance_rest,0.570025
run_20260429_074242_3656ab,BNB/USDT,crypto,D1,trend_momentum,ema_cross,adx_min=0|fast_period=10|rsi_confirm=False|slow_period=50,both,all,WEAK_CANDIDATE,23,0.260870,2.872285,0.060335,0.060335,-0.376401,0.454791,0.922184,0.023023,39.304348,1.073678,1.073678,0.481425,-0.020127,0.438000,,,binance_rest,0.559547
run_20260429_074242_3656ab,BNB/USDT,crypto,D1,trend_momentum,ema_cross,adx_min=20|fast_period=10|rsi_confirm=False|slow_period=50,both,all,WEAK_CANDIDATE,23,0.260870,2.872285,0.060335,0.060335,-0.376401,0.454791,0.922184,0.023023,39.304348,1.073678,1.073678,0.481425,-0.020127,0.438000,,,binance_rest,0.559547
run_20260429_074242_3656ab,BNB/USDT,crypto,D1,trend_momentum,ema_cross,adx_min=0|fast_period=10|rsi_confirm=True|slow_period=50,both,all,WEAK_CANDIDATE,20,0.250000,3.002993,0.069477,0.069477,-0.355337,0.455722,0.926724,0.020020,41.200000,1.080965,1.080965,0.486630,-0.020127,0.420000,,,binance_rest,0.552824
run_20260429_074242_3656ab,BNB/USDT,crypto,D1,trend_momentum,ema_cross,adx_min=20|fast_period=10|rsi_confirm=True|slow_period=50,both,all,WEAK_CANDIDATE,20,0.250000,3.002993,0.069477,0.069477,-0.355337,0.455722,0.926724,0.020020,41.200000,1.080965,1.080965,0.486630,-0.020127,0.420000,,,binance_rest,0.552824
run_20260429_074242_3656ab,ETH/USDT,crypto,H4,mean_reversion,bollinger_touch,num_std=2.5|period=20,both,all,STRONG_CANDIDATE,25,0.760000,2.823620,0.014968,0.014968,-0.136926,2.480113,2.198912,0.025025,12.920000,0.428980,0.428980,0.189159,0.201672,0.755155,,,binance_rest,0.550249
run_20260429_074242_3656ab,SOL/USDT,crypto,D1,engine_b_proxy,structure_filters,fvg_detection=False|strong_close_pct=0.7,both,all,WEAK_CANDIDATE,299,0.401338,1.198680,0.004753,0.004753,-0.619236,0.543637,1.084443,0.299299,3.220736,0.855104,0.855104,2.706575,-0.466680,0.540000,,,binance_rest,0.548220
run_20260429_074242_3656ab,BTC/USDT,crypto,D1,trend_momentum,ema_cross,adx_min=20|fast_period=10|rsi_confirm=True|slow_period=50,both,all,WEAK_CANDIDATE,21,0.333333,2.139797,0.049914,0.049914,-0.381507,0.570266,1.171791,0.021021,46.095238,1.028629,1.028629,0.823404,-0.054102,0.426000,,,binance_rest,0.545025
run_20260429_074242_3656ab,BTC/USDT,crypto,D1,trend_momentum,ema_alignment,adx_min=0|ema_long=200|ema_mid=50|ema_short=20,both,all,WEAK_CANDIDATE,20,0.300000,3.013104,0.047548,0.047548,-0.157957,0.625228,1.295699,0.020020,24.400000,1.060258,1.060258,0.879278,-0.018438,0.400000,,,binance_rest,0.543991
run_20260429_074242_3656ab,BTC/USDT,crypto,D1,trend_momentum,ema_cross,adx_min=0|fast_period=10|rsi_confirm=True|slow_period=50,both,all,WEAK_CANDIDATE,22,0.318182,2.124567,0.047345,0.047345,-0.381507,0.566660,1.162211,0.022022,44.090909,1.015256,1.015256,0.811383,-0.054102,0.432000,,,binance_rest,0.543821
run_20260429_074242_3656ab,BTC/USDT,crypto,D1,trend_momentum,ema_alignment,adx_min=20|ema_long=200|ema_mid=50|ema_short=20,both,all,WEAK_CANDIDATE,20,0.300000,3.017123,0.047580,0.047580,-0.157957,0.625646,1.296638,0.020020,24.350000,1.061563,1.061563,0.880469,-0.018438,0.386667,,,binance_rest,0.537735
run_20260429_074242_3656ab,BTC/USDT,crypto,D1,pullback,pullback_ema,pullback_period=50|rsi_reclaim=False|rsi_threshold=50|trend_period=200,both,all,WEAK_CANDIDATE,32,0.250000,2.584105,0.027992,0.027992,-0.236390,0.584015,1.187958,0.032032,16.781250,0.943552,0.943552,0.797030,0.013695,0.457155,,,binance_rest,0.535402
run_20260429_074242_3656ab,BTC/USDT,crypto,D1,trend_momentum,ema_cross,adx_min=25|fast_period=10|rsi_confirm=True|slow_period=50,both,all,WEAK_CANDIDATE,21,0.333333,2.139797,0.049914,0.049914,-0.381507,0.570266,1.171791,0.021021,46.095238,1.028629,1.028629,0.823404,-0.054102,0.392667,,,binance_rest,0.528358
run_20260429_074242_3656ab,ADA/USDT,crypto,D1,breakout,prev_day_hl,atr_expand_min=1.0,both,all,WEAK_CANDIDATE,118,0.398305,1.453151,0.014856,0.014856,-0.476362,0.430344,0.859631,0.118118,5.796610,0.664097,0.664097,0.590398,0.097957,0.609775,,,binance_rest,0.521309
run_20260429_074242_3656ab,BTC/USDT,crypto,D1,trend_momentum,ema_alignment,adx_min=25|ema_long=200|ema_mid=50|ema_short=20,both,all,WEAK_CANDIDATE,20,0.300000,3.017123,0.047580,0.047580,-0.157957,0.625646,1.296638,0.020020,24.350000,1.061563,1.061563,0.880469,-0.018438,0.348571,,,binance_rest,0.518687
run_20260429_074242_3656ab,SOL/USDT,crypto,H4,mean_reversion,bollinger_touch,num_std=2.5|period=20,both,all,WEAK_CANDIDATE,27,0.814815,2.151704,0.017883,0.017883,-0.340329,1.687180,1.421155,0.027027,14.333333,0.514309,0.514309,0.295820,0.168610,0.657992,,,binance_rest,0.511712
run_20260429_074242_3656ab,BNB/USDT,crypto,H4,mean_reversion,bollinger_touch,num_std=2.0|period=20,both,all,STRONG_CANDIDATE,42,0.690476,1.535109,0.005100,0.005100,-0.209326,1.228175,1.010375,0.042042,13.904762,0.209738,0.209738,0.120970,0.117517,0.843435,,,binance_rest,0.504846
run_20260429_074242_3656ab,SOL/USDT,crypto,D1,pullback,pullback_ema,pullback_period=50|rsi_reclaim=False|rsi_threshold=50|trend_period=200,both,all,WEAK_CANDIDATE,33,0.242424,1.999317,0.025852,0.025852,-0.299994,0.483683,0.976900,0.033033,14.424242,0.733824,0.733824,0.577093,0.133459,0.527378,,,binance_rest,0.503374
run_20260429_074242_3656ab,BTC/USDT,crypto,D1,trend_momentum,ema_cross,adx_min=20|fast_period=10|rsi_confirm=False|slow_period=50,both,all,WEAK_CANDIDATE,22,0.318182,1.947963,0.043528,0.043528,-0.381507,0.518455,1.058180,0.022022,44.454545,0.844933,0.844933,0.658290,-0.054102,0.432000,,,binance_rest,0.490643
run_20260429_074242_3656ab,BTC/USDT,crypto,D1,trend_momentum,ema_cross,adx_min=0|fast_period=10|rsi_confirm=False|slow_period=50,both,all,WEAK_CANDIDATE,23,0.304348,1.934987,0.041341,0.041341,-0.381507,0.514761,1.049126,0.023023,42.608696,0.832404,0.832404,0.647029,-0.054102,0.438000,,,binance_rest,0.489704
run_20260429_074242_3656ab,SOL/USDT,crypto,D1,pullback,pullback_ema,pullback_period=20|rsi_reclaim=False|rsi_threshold=50|trend_period=200,both,all,WEAK_CANDIDATE,58,0.327586,1.403676,0.011037,0.011037,-0.374711,0.365214,0.730672,0.058058,8.137931,0.383863,0.383863,0.308152,0.090669,0.668270,,,binance_rest,0.463908
run_20260429_074242_3656ab,BTC/USDT,crypto,D1,trend_momentum,ema_cross,adx_min=25|fast_period=10|rsi_confirm=False|slow_period=50,both,all,WEAK_CANDIDATE,22,0.318182,1.947963,0.043528,0.043528,-0.381507,0.518455,1.058180,0.022022,44.454545,0.844933,0.844933,0.658290,-0.054102,0.376444,,,binance_rest,0.462866
run_20260429_074242_3656ab,SOL/USDT,crypto,D1,trend_momentum,macd_direction,adx_min=20|fast=12|signal_period=9|slow=26,both,all,WEAK_CANDIDATE,70,0.442857,1.444489,0.022225,0.022225,-0.711218,0.440473,0.881966,0.070070,14.242857,0.529326,0.529326,1.160058,-0.449566,0.540000,,,binance_rest,0.446437
run_20260429_074242_3656ab,SOL/USDT,crypto,D1,trend_momentum,macd_direction,adx_min=0|fast=12|signal_period=9|slow=26,both,all,WEAK_CANDIDATE,70,0.442857,1.444489,0.022225,0.022225,-0.711218,0.440473,0.881966,0.070070,14.242857,0.529326,0.529326,1.160058,-0.449566,0.540000,,,binance_rest,0.446437
run_20260429_074242_3656ab,BTC/USDT,crypto,D1,engine_b_proxy,ob_bos,require_engulf=False|require_vol_expand=False|swing_period=5,both,all,WEAK_CANDIDATE,21,0.380952,1.934097,0.043447,0.043447,-0.363011,0.507181,1.035262,0.021021,38.714286,0.781889,0.781889,1.211974,-0.194435,0.376000,,,binance_rest,0.443272
run_20260429_074242_3656ab,ADA/USDT,crypto,H4,mean_reversion,bollinger_touch,num_std=2.0|period=20,both,all,WEAK_CANDIDATE,35,0.628571,1.618733,0.008156,0.008156,-0.204008,1.289456,1.064918,0.035035,13.485714,0.281176,0.281176,0.095041,0.148329,0.641795,,,binance_rest,0.426548
run_20260429_074242_3656ab,BTC/USDT,crypto,D1,pullback,pullback_ema,pullback_period=20|rsi_reclaim=False|rsi_threshold=50|trend_period=200,both,all,WEAK_CANDIDATE,57,0.228070,1.504925,0.009497,0.009497,-0.274292,0.353400,0.706894,0.057057,9.070175,0.356665,0.356665,0.299758,-0.016940,0.580000,,,binance_rest,0.411137
run_20260429_074242_3656ab,BNB/USDT,crypto,H4,engine_b_proxy,structure_filters,fvg_detection=False|strong_close_pct=0.8,both,all,WEAK_CANDIDATE,190,0.410526,1.274743,0.001739,0.001739,-0.189892,1.318786,1.075142,0.190190,4.789474,0.329270,0.329270,0.325907,0.015006,0.573813,,,binance_rest,0.407191
run_20260429_074242_3656ab,ETH/USDT,crypto,D1,trend_momentum,ema_cross,adx_min=20|fast_period=10|rsi_confirm=True|slow_period=50,both,all,WEAK_CANDIDATE,25,0.320000,1.475126,0.031302,0.031302,-0.617570,0.346264,0.696265,0.025025,38.680000,0.319068,0.319068,-0.209305,-0.085251,0.572192,,,binance_rest,0.395742
run_20260429_074242_3656ab,ETH/USDT,crypto,D1,trend_momentum,ema_cross,adx_min=0|fast_period=10|rsi_confirm=True|slow_period=50,both,all,WEAK_CANDIDATE,25,0.320000,1.475126,0.031302,0.031302,-0.617570,0.346264,0.696265,0.025025,38.680000,0.319068,0.319068,-0.209305,-0.085251,0.572192,,,binance_rest,0.395742
run_20260429_074242_3656ab,ETH/USDT,crypto,D1,trend_momentum,ema_cross,adx_min=20|fast_period=10|rsi_confirm=False|slow_period=50,both,all,WEAK_CANDIDATE,25,0.320000,1.475126,0.031302,0.031302,-0.617570,0.346264,0.696265,0.025025,38.680000,0.319068,0.319068,-0.209305,-0.085251,0.572192,,,binance_rest,0.395742
run_20260429_074242_3656ab,BTC/USDT,crypto,D1,pullback,pullback_ema,pullback_period=50|rsi_reclaim=True|rsi_threshold=50|trend_period=200,both,all,WEAK_CANDIDATE,21,0.285714,2.368633,0.024869,0.024869,-0.211277,0.471814,0.959848,0.021021,17.476190,0.488981,0.488981,0.281541,0.088987,0.449393,,,binance_rest,0.390588
run_20260429_074242_3656ab,BTC/USDT,crypto,H4,breakout,session_opening_range,atr_expand_min=0.5|range_bars=6,both,all,WEAK_CANDIDATE,52,0.442308,1.583500,0.005673,0.005673,-0.113725,1.530346,1.262506,0.052052,18.692308,0.306939,0.306939,0.438429,-0.093688,0.540000,,,binance_rest,0.387332
run_20260429_074242_3656ab,BTC/USDT,crypto,H4,breakout,session_opening_range,atr_expand_min=0.0|range_bars=6,both,all,WEAK_CANDIDATE,52,0.442308,1.583500,0.005673,0.005673,-0.113725,1.530346,1.262506,0.052052,18.692308,0.306939,0.306939,0.438429,-0.093688,0.540000,,,binance_rest,0.387332
run_20260429_074242_3656ab,SOL/USDT,crypto,D1,trend_momentum,ema_cross,adx_min=20|fast_period=10|rsi_confirm=True|slow_period=100,both,all,WEAK_CANDIDATE,20,0.200000,3.206564,0.180226,0.180226,-0.740397,0.373182,0.753670,0.020020,37.300000,0.511487,0.511487,0.560561,0.115134,0.421617,,,binance_rest,0.379328
run_20260429_074242_3656ab,SOL/USDT,crypto,D1,trend_momentum,ema_cross,adx_min=0|fast_period=10|rsi_confirm=True|slow_period=100,both,all,WEAK_CANDIDATE,20,0.200000,3.206564,0.180226,0.180226,-0.740397,0.373182,0.753670,0.020020,37.300000,0.511487,0.511487,0.560561,0.115134,0.414950,,,binance_rest,0.375995
run_20260429_074242_3656ab,BTC/USDT,crypto,H4,breakout,prev_day_hl,atr_expand_min=0.0,both,all,WEAK_CANDIDATE,40,0.450000,1.799342,0.007700,0.007700,-0.140480,1.300142,1.071817,0.040040,24.650000,0.308544,0.308544,0.332381,-0.052612,0.500000,,,binance_rest,0.364000
run_20260429_074242_3656ab,BTC/USDT,crypto,H4,breakout,prev_day_hl,atr_expand_min=0.5,both,all,WEAK_CANDIDATE,40,0.450000,1.799342,0.007700,0.007700,-0.140480,1.300142,1.071817,0.040040,24.650000,0.308544,0.308544,0.332381,-0.052612,0.500000,,,binance_rest,0.364000
run_20260429_074242_3656ab,SOL/USDT,crypto,D1,trend_momentum,ema_cross,adx_min=0|fast_period=10|rsi_confirm=False|slow_period=100,both,all,WEAK_CANDIDATE,22,0.181818,3.087447,0.160978,0.160978,-0.741671,0.366626,0.739153,0.022022,36.545455,0.416605,0.416605,0.462599,0.115134,0.439999,,,binance_rest,0.359764
run_20260429_074242_3656ab,SOL/USDT,crypto,D1,trend_momentum,ema_cross,adx_min=20|fast_period=10|rsi_confirm=False|slow_period=100,both,all,WEAK_CANDIDATE,22,0.181818,3.087447,0.160978,0.160978,-0.741671,0.366626,0.739153,0.022022,36.545455,0.416605,0.416605,0.462599,0.115134,0.439999,,,binance_rest,0.359764
run_20260429_074242_3656ab,ETH/USDT,crypto,H4,mean_reversion,bollinger_touch,num_std=2.0|period=20,both,all,WEAK_CANDIDATE,41,0.780488,1.526998,0.006591,0.006591,-0.341021,1.007877,0.826173,0.041041,13.463415,0.231327,0.231327,-0.017992,0.249367,0.546000,,,binance_rest,0.358921
run_20260429_074242_3656ab,SOL/USDT,crypto,D1,trend_momentum,ema_cross,adx_min=0|fast_period=10|rsi_confirm=False|slow_period=50,both,all,WEAK_CANDIDATE,22,0.227273,2.569111,0.155198,0.155198,-0.784808,0.353267,0.711602,0.022022,40.863636,0.078431,0.078431,0.148265,0.093723,0.621641,,,binance_rest,0.348582
run_20260429_074242_3656ab,SOL/USDT,crypto,D1,trend_momentum,ema_cross,adx_min=20|fast_period=10|rsi_confirm=False|slow_period=50,both,all,WEAK_CANDIDATE,22,0.227273,2.569111,0.155198,0.155198,-0.784808,0.353267,0.711602,0.022022,40.863636,0.078431,0.078431,0.148265,0.093723,0.621641,,,binance_rest,0.348582
run_20260429_074242_3656ab,ETH/USDT,crypto,H4,breakout,prev_day_hl,atr_expand_min=0.0,both,all,WEAK_CANDIDATE,45,0.444444,1.387187,0.006176,0.006176,-0.275690,0.867367,0.709140,0.045045,22.088889,0.230112,0.230112,0.352275,-0.148161,0.530000,,,binance_rest,0.348216
run_20260429_074242_3656ab,ETH/USDT,crypto,D1,trend_momentum,ema_cross,adx_min=0|fast_period=10|rsi_confirm=False|slow_period=50,both,all,WEAK_CANDIDATE,26,0.307692,1.401966,0.026793,0.026793,-0.617570,0.307339,0.616579,0.026026,37.653846,0.205704,0.205704,-0.277259,-0.085251,0.548243,,,binance_rest,0.348165
run_20260429_074242_3656ab,ETH/USDT,crypto,H4,breakout,prev_day_hl,atr_expand_min=1.0,both,all,WEAK_CANDIDATE,38,0.473684,1.548647,0.007734,0.007734,-0.213627,0.989763,0.811609,0.038038,23.236842,0.263413,0.263413,0.279267,-0.075170,0.488000,,,binance_rest,0.339256
run_20260429_074242_3656ab,BTC/USDT,crypto,D1,breakout,session_opening_range,atr_expand_min=0.0|range_bars=6,both,all,WEAK_CANDIDATE,53,0.283019,1.312145,0.010427,0.010427,-0.499265,0.287801,0.575004,0.053053,18.207547,0.188016,0.188016,0.183393,-0.017588,0.540000,,,binance_rest,0.337905
run_20260429_074242_3656ab,ETH/USDT,crypto,H4,breakout,prev_day_hl,atr_expand_min=0.5,both,all,WEAK_CANDIDATE,45,0.444444,1.351004,0.005599,0.005599,-0.275690,0.791119,0.646222,0.045045,21.800000,0.199667,0.199667,0.318807,-0.148161,0.530000,,,binance_rest,0.337825
run_20260429_074242_3656ab,BNB/USDT,crypto,D1,trend_momentum,macd_direction,adx_min=0|fast=12|signal_period=9|slow=26,both,all,WEAK_CANDIDATE,66,0.439394,1.225491,0.006347,0.006347,-0.532143,0.287109,0.573264,0.066066,14.787879,0.184460,0.184460,-0.096171,0.123606,0.540000,,,binance_rest,0.336803
run_20260429_074242_3656ab,SOL/USDT,crypto,D1,trend_momentum,ema_cross,adx_min=20|fast_period=10|rsi_confirm=True|slow_period=50,both,all,WEAK_CANDIDATE,21,0.238095,2.669216,0.166475,0.166475,-0.784808,0.361766,0.729542,0.021021,42.238095,0.174271,0.174271,0.250311,0.093723,0.538328,,,binance_rest,0.336036
run_20260429_074242_3656ab,SOL/USDT,crypto,D1,trend_momentum,ema_cross,adx_min=0|fast_period=10|rsi_confirm=True|slow_period=50,both,all,WEAK_CANDIDATE,21,0.238095,2.669216,0.166475,0.166475,-0.784808,0.361766,0.729542,0.021021,42.238095,0.174271,0.174271,0.250311,0.093723,0.538328,,,binance_rest,0.336036
run_20260429_074242_3656ab,BTC/USDT,crypto,H4,mean_reversion,bollinger_touch,num_std=2.0|period=20,both,all,WEAK_CANDIDATE,37,0.621622,1.305973,0.003281,0.003281,-0.228857,0.671500,0.548230,0.037037,14.243243,0.099698,0.099698,0.108560,0.023515,0.586983,,,binance_rest,0.334366
run_20260429_074242_3656ab,SOL/USDT,crypto,D1,trend_momentum,ema_cross,adx_min=25|fast_period=10|rsi_confirm=False|slow_period=100,both,all,WEAK_CANDIDATE,21,0.142857,2.989208,0.160685,0.160685,-0.778646,0.349525,0.704275,0.021021,34.761905,0.213841,0.213841,0.253252,0.115134,0.502386,,,binance_rest,0.329431
run_20260429_074242_3656ab,ADA/USDT,crypto,H4,engine_b_proxy,structure_filters,fvg_detection=False|strong_close_pct=0.8,both,all,WEAK_CANDIDATE,195,0.379487,1.105166,0.001113,0.001113,-0.321441,0.593252,0.482695,0.195195,4.569231,0.125313,0.125313,0.025510,0.097320,0.560000,,,binance_rest,0.327248
run_20260429_074242_3656ab,BTC/USDT,crypto,D1,breakout,session_opening_range,atr_expand_min=0.5|range_bars=6,both,all,WEAK_CANDIDATE,53,0.283019,1.268845,0.009287,0.009287,-0.499265,0.255458,0.510066,0.053053,17.924528,0.114623,0.114623,0.183393,-0.078279,0.540000,,,binance_rest,0.314588
run_20260429_074242_3656ab,BTC/USDT,crypto,H4,breakout,prev_day_hl,atr_expand_min=1.0,both,all,WEAK_CANDIDATE,37,0.405405,1.493039,0.005583,0.005583,-0.137543,0.870796,0.712843,0.037037,24.243243,0.182187,0.182187,0.199623,-0.049375,0.482000,,,binance_rest,0.309913
run_20260429_074242_3656ab,ADA/USDT,crypto,D1,trend_momentum,ema_cross,adx_min=20|fast_period=10|rsi_confirm=True|slow_period=50,both,all,WEAK_CANDIDATE,21,0.380952,1.709618,0.047906,0.047906,-0.604733,0.331244,0.666654,0.021021,37.761905,0.275857,0.275857,0.540314,-0.140616,0.426000,,,binance_rest,0.309090
run_20260429_074242_3656ab,ADA/USDT,crypto,D1,trend_momentum,ema_cross,adx_min=0|fast_period=10|rsi_confirm=True|slow_period=50,both,all,WEAK_CANDIDATE,21,0.380952,1.709618,0.047906,0.047906,-0.604733,0.331244,0.666654,0.021021,37.761905,0.275857,0.275857,0.540314,-0.140616,0.426000,,,binance_rest,0.309090
run_20260429_074242_3656ab,SOL/USDT,crypto,H4,engine_b_proxy,structure_filters,fvg_detection=False|strong_close_pct=0.7,both,all,WEAK_CANDIDATE,304,0.365132,1.069742,0.000606,0.000606,-0.423130,0.504990,0.410763,0.304304,3.213816,0.089884,0.089884,0.171750,-0.087084,0.540000,,,binance_rest,0.305180
run_20260429_074242_3656ab,BNB/USDT,crypto,D1,breakout,prev_day_hl,atr_expand_min=0.0,both,all,WEAK_CANDIDATE,174,0.350575,1.107005,0.002235,0.002235,-0.570819,0.229097,0.456598,0.174174,5.666667,0.053075,0.053075,-0.393811,0.788102,0.560000,,,binance_rest,0.305055
run_20260429_074242_3656ab,ADA/USDT,crypto,D1,trend_momentum,ema_cross,adx_min=0|fast_period=10|rsi_confirm=False|slow_period=50,both,all,WEAK_CANDIDATE,23,0.347826,1.677838,0.042573,0.042573,-0.604733,0.322368,0.647871,0.023023,34.608696,0.241772,0.241772,0.499165,-0.140616,0.438000,,,binance_rest,0.304489
run_20260429_074242_3656ab,ADA/USDT,crypto,D1,trend_momentum,ema_cross,adx_min=20|fast_period=10|rsi_confirm=False|slow_period=50,both,all,WEAK_CANDIDATE,22,0.363636,1.686300,0.044837,0.044837,-0.604733,0.324759,0.653040,0.022022,36.136364,0.250843,0.250843,0.510115,-0.140616,0.432000,,,binance_rest,0.304314
run_20260429_074242_3656ab,SOL/USDT,crypto,D1,pullback,pullback_ema,pullback_period=20|rsi_reclaim=True|rsi_threshold=50|trend_period=200,both,all,WEAK_CANDIDATE,51,0.333333,1.204771,0.005627,0.005627,-0.369851,0.185396,0.369787,0.051051,7.784314,0.044363,0.044363,0.342449,-0.197931,0.560000,,,binance_rest,0.300705
run_20260429_074242_3656ab,SOL/USDT,crypto,H4,engine_b_proxy,structure_filters,fvg_detection=False|strong_close_pct=0.8,both,all,WEAK_CANDIDATE,199,0.366834,1.061696,0.000643,0.000643,-0.434183,0.354382,0.288250,0.199199,4.597990,0.032673,0.032673,-0.048631,0.065368,0.560000,,,binance_rest,0.295567
run_20260429_074242_3656ab,BNB/USDT,crypto,D1,breakout,prev_day_hl,atr_expand_min=0.5,both,all,WEAK_CANDIDATE,169,0.355030,1.094876,0.002046,0.002046,-0.570465,0.202574,0.403699,0.169169,5.733728,0.003996,0.003996,-0.318575,0.516542,0.560000,,,binance_rest,0.289273
run_20260429_074242_3656ab,BTC/USDT,crypto,H4,mean_reversion,bollinger_touch,num_std=2.5|period=20,both,all,WEAK_CANDIDATE,27,0.666667,1.355231,0.003540,0.003540,-0.194034,0.582948,0.476014,0.027027,14.074074,0.076347,0.076347,0.006703,0.073643,0.487000,,,binance_rest,0.275924
run_20260429_074242_3656ab,BTC/USDT,crypto,H4,trend_momentum,ema_alignment,adx_min=20|ema_long=200|ema_mid=50|ema_short=20,both,all,WEAK_CANDIDATE,22,0.363636,1.128307,0.001901,0.001901,-0.154645,0.217211,0.176769,0.022022,22.681818,0.016188,0.016188,0.005165,0.010967,0.524587,,,binance_rest,0.270685
run_20260429_074242_3656ab,BTC/USDT,crypto,H4,trend_momentum,ema_alignment,adx_min=0|ema_long=200|ema_mid=50|ema_short=20,both,all,WEAK_CANDIDATE,22,0.409091,1.294374,0.003830,0.003830,-0.119742,0.443978,0.362116,0.022022,22.818182,0.061108,0.061108,0.049597,0.010967,0.478338,,,binance_rest,0.264744
run_20260429_074242_3656ab,BNB/USDT,crypto,H4,mean_reversion,bollinger_touch,num_std=2.5|period=20,both,all,WEAK_CANDIDATE,24,0.708333,1.264590,0.002905,0.002905,-0.167875,0.523341,0.427184,0.024024,15.250000,0.057465,0.057465,-0.010572,0.068764,0.469000,,,binance_rest,0.260283
run_20260429_074242_3656ab,ETH/USDT,crypto,D1,trend_momentum,ema_cross,adx_min=25|fast_period=10|rsi_confirm=True|slow_period=50,both,all,WEAK_CANDIDATE,23,0.304348,1.304263,0.021322,0.021322,-0.617454,0.226727,0.453621,0.023023,38.956522,0.030093,0.030093,-0.382527,-0.085251,0.471526,,,binance_rest,0.253863
run_20260429_074242_3656ab,ETH/USDT,crypto,D1,trend_momentum,ema_cross,adx_min=25|fast_period=10|rsi_confirm=False|slow_period=50,both,all,WEAK_CANDIDATE,23,0.304348,1.304263,0.021322,0.021322,-0.617454,0.226727,0.453621,0.023023,38.956522,0.030093,0.030093,-0.382527,-0.085251,0.449303,,,binance_rest,0.242752
run_20260429_074242_3656ab,BNB/USDT,crypto,D1,engine_b_proxy,structure_filters,fvg_detection=True|strong_close_pct=0.7,both,all,WEAK_CANDIDATE,30,0.300000,1.250794,0.007185,0.007185,-0.326366,0.165308,0.329880,0.030030,10.866667,0.045856,0.045856,0.071303,-0.023753,0.440000,,,binance_rest,0.240354
run_20260429_074242_3656ab,BTC/USDT,crypto,D1,breakout,session_opening_range,atr_expand_min=0.0|range_bars=12,both,all,WEAK_CANDIDATE,33,0.272727,1.220080,0.010620,0.010620,-0.547708,0.192465,0.384227,0.033033,29.212121,0.005117,0.005117,0.705790,-0.425978,0.438000,,,binance_rest,0.228220
run_20260429_074242_3656ab,ETH/USDT,crypto,D1,engine_b_proxy,structure_filters,fvg_detection=True|strong_close_pct=0.7,both,all,WEAK_CANDIDATE,20,0.500000,1.219247,0.008153,0.008153,-0.439621,0.167941,0.335468,0.020020,16.450000,0.052060,0.052060,-0.104292,0.174556,0.380000,,,binance_rest,0.212327
